DISTRICT NAME,DISTRICT OID,DISTRICT DOMAIN,ORGANIZATION OID
1File Transition Testing,98563,admin.1filetransitiondistrict.tx,98564
AAMA-Sanchez Charter School,81787,admin.sanchezcharter.tx,81788
Abbeville Co School District,66979,admin.acsd.sc,66980
Abbott Ind School District,61580,admin.abbott.tx,61581
Aberdeen School District,100411,admin.aberdeen.ms,100412
Aberdeen School District 58,83022,admin.aberdeen.id,83023
Abernathy Ind School District,40333,admin.abernathy.tx,40334
Abilene Isd,25721,admin.abilene.tx,25722
Abilene Unified Sd 435,80972,admin.abilene.ks,80973
Academica,92115,admin.academica.fl,92116
Academie Da Vinci Charter School,91551,admin.davinci.fl,91552
Academy Ind School District,44873,admin.academy.tx,44874
Accelerated Intermediate Acad,54809,admin.aiacs.tx,54810
Accelerated Intermediate Academy (AIA),98882,admin.aia.tx,98883
Ace Education,13165,admin.ace.cap.kr,
Achievement First,18965,admin.achievementfirst.ct,18966
Achievement First New York,18771,admin.achievementfirst.ny,18772
Achievement School District,80239,admin.achievement.tn,80240
Adair Public Schools,89423,admin.adairps.ok,89424
Adams 12 Five Star Schools,81928,admin.adams.co,81929
Adams Co School District 14,80136,admin.adams14.co,80137
Addison Central School Dist,82067,admin.addisoncentral.ny,82068
admin.nmprivate.nm,83396,admin.nmprivate.nm,83397
"Adore Children and Family Services , Inc.",90968,admin.adorecfs.va,90969
Adrian Ind School District,52694,admin.adrian.tx,52695
Advantage Academies Of Florida,61475,admin.advantage.fl,61496
Advantage Academy District Office,48309,admin.advantage.tx,48310
Agua Dulce Ind School Dist,58056,admin.aguadulce.tx,58057
Akron City Public Schools,85748,admin.akron.oh,85749
Akron School District R-1,84411,admin.akron.co,84412
Alabama State Department of Education,93160,admin.alsde.al,93161
Alachua Co School District,73506,admin.alachua.fl,73507
Alamance-Burlington Sch Dist,67324,admin.abss.nc,67325
Alamogordo School District 1,80518,admin.alamogordo.nm,80519
Alamo Heights Ind School Dist,49089,admin.alamoheights.tx,49090
"Alamosa School District, No. Re-11J",97544,admin.alamosa.co,97545
Alba Golden Ind School Dist,43689,admin.albagolden.tx,43690
Albany City School District,96508,admin.albany.ny,96509
Albany Ind School District,69732,admin.albany.tx,69733
Albemarle County Public Schools,20096,admin.albemarle.va,20097
Albuquerque Collegiate Charter School (District),101707,admin.albuquerquecollegiate.nm,101708
Albuquerque Public Schools,19312,admin.albuquerque.nm,19313
Albuquerque Sch of Excellence District,97032,admin.abqse.nm,97033
Alcorn School District,100361,admin.alcorn.ms,100362
Aldine Independent School District,19314,admin.aldine.tx,19315
Aledo Ind School District,62281,admin.aledo.tx,62282
Alexander City School District,79847,admin.alexcity.al,79848
Alexander County Schools,88103,admin.alexandercounty.nc,88104
Alexander School District 2,74231,admin.asd2.nd,74232
Alexandria City Ps,18985,admin.alexandria.va,18986
Algiers Charter Schools Association,70794,admin.algiers.la,70795
Alhambra Unified School District,94295,admin.alhambra.ca,94296
Alice Ind School District,40087,admin.alice.tx,40088
Alief Ind School District,49469,admin.alief.tx,49470
Alisal Union Elementary School District,86533,admin.alisal.ca,86534
Allapattah Wynwood School,91491,admin.allapattahwynwood.fl,91492
Alleghany Co Public Schools,67363,admin.alleghany.va,67364
Alleghany County Schools,89586,admin.alleghany.nc,89587
Allen Bowden Elementary School,100539,admin.bowden.ok,100540
Allen County Schools,19316,admin.allen.ky,19317
Allendale Co School District,67686,admin.allendale.sc,67687
Allen Ind School District,45289,admin.allen.tx,45290
Allentown Diocese,12965,admin.allentowndiocese.pa,12966
Allentown School District,9210,admin.allentown.pa,9211
Alma School District 30,83724,admin.alma.ar,83725
Alpena School District 5,83545,admin.alpena.ar,83546
Alpine Ind School District,50389,admin.alpine.tx,50390
Alpine School District,92681,admin.alpine.ut,92682
Alta Loma School District,96530,admin.altaloma.ca,96531
Alto Ind School District,45269,admin.alto.tx,45270
Alton Community School Dist 11,35047,admin.alton.il,35048
Altoona-Midway Usd 387,79348,admin.altoonamidway.ks,79349
Altus Public School Dist 18,83211,admin.altus.ok,83212
Alum Rock Union Elementary School District,86333,admin.alumrock.ca,86334
Alvarado Ind School District,51789,admin.alvarado.tx,51790
Alvin Ind School District,61296,admin.alvin.tx,61316
Alvord Ind School District,64961,admin.alvord.tx,64962
Amarillo Ind School District,49409,admin.amarillo.tx,49410
Ambridge Area School District,3456,admin.ambridge.pa,4647
American Academy Charter School,75819,admin.americanacademy.co,75820
American Falls Joint Sd 381,83254,admin.americanfalls.id,83255
American Heritage Charter School,91736,admin.ahcs.id,91737
American Heritage Schools,99437,admin.ahs.fl,99438
American International Academy of the Andes (Distr,101107,admin.aia.co,101108
American Samoa Doe,31029,admin.as,31030
Amherst County Public Schools,20566,admin.amherst.va,20567
Amherst Ind School District,50449,admin.amherst.tx,50450
Amite County School District,100249,admin.amite.ms,100250
Amory School District,100350,admin.amory.ms,100351
Anaconda School District 10,34027,admin.anaconda.mt,34028
Anaheim Elementary School District,36148,admin.anaheim.ca,36149
Anahuac Ind School District,63958,admin.anahuac.tx,63959
Anchorage School District,90347,admin.anchorage.ak,90348
Anderson School District 1,67033,admin.anderson1.sc,67034
Anderson School District 3,77089,admin.anderson3.sc,77090
Anderson School District 4,67591,admin.anderson4.sc,67592
Anderson School District 5,66922,admin.anderson5.sc,66923
Anderson-Shiro Cisd,35628,admin.ascisd.tx,35629
Andover Unified Sch Dist 385,78004,admin.andover.ks,78005
Andrews Ind School District,55150,admin.andrews.tx,55151
Angleton Isd,13726,admin.angleton.tx,13727
Animas Ind School District 6,80758,admin.animas.nm,80759
Anna Isd,22145,admin.anna.tx,22146
Anne Arundel County Public Schools,25406,admin.annearundel.md,25407
Anne Arundel SD,2531,admin.annearundel.md.inactive,
Anson County Schools,88587,admin.anson.nc,88588
Anson Ind School District,56318,admin.anson.tx,56319
Anthony-Harper Unif Sd 361,74079,admin.ahusd361.ks,74080
Anthony Ind Sch District,49587,admin.anthony.tx,49588
Antioch Unified School District,87239,admin.antioch.ca,87240
Anton Ind School District,54721,admin.anton.tx,54722
A Plus Charter Schools,96973,admin.apluscharter.tx,96974
A Plus Unlimited Potential Sch,85988,admin.aplusup.tx,85991
A Plus Unlimited Potential Sch,86225,admin.aplusunlimited.tx,86226
Appalachian State U Academy Middle Fork District,101737,admin.asua.nc,101738
Apple Springs Ind School Dist,56182,admin.applesprings.tx,56183
Apple Valley Unified Sch Dist,65671,admin.avusd.ca,65672
Appoquinimink School District,90857,admin.appoquinimink.de,90858
Aquilla Ind School District,65588,admin.aquilla.tx,65589
Aransas Pass Ind Sch District,41649,admin.aransaspass.tx,41650
Arbon Elementary District,85195,admin.arbon.id,85196
Arcadia Unified School Dist,69939,admin.arcadia.ca,69940
Arcata Elementary School District,90840,admin.arcata.ca,90841
Archdiocese Galveston-Houston,81779,admin.agh.tx,81780
Archdiocese Kansas City Ed Off,81283,admin.archdiocese.ks,81284
Archdiocese Los Angeles Ed Off,90418,admin.archla.ca,90419
Archdiocese Louisville Ed Off,75310,admin.archlou.ky,75311
Archdiocese Milwaukee Ed Off,74251,admin.archmil.wi,74252
Archdiocese Of Chicago Ed Off,82247,admin.aoc.il,82248
Archdiocese Of Indianapolis Ed,75341,admin.archdioceseindianapolis.in,75342
Archdiocese of New York,14908,admin.adny.ny,14909
Archdiocese of Portland,25305,admin.archdpdx.or,25306
Archdiocese of Santa Fe,98814,admin.adsf.nm,98815
Archer City Ind School Dist,41125,admin.archercity.tx,41126
Argonia Unified Sch Dist 359,80344,admin.argonia.ks,80345
Argyle Isd,19318,admin.argyle.tx,19319
Arizona Dept Of Education,79931,admin.azed.az,79932
Arkansas City Unified School District 470,96514,admin.acusd470.ks,96515
Arkansas Covenant Keepers Org,74301,admin.covenantkeepers.ar,74302
Arkansas Dept Of Education,82593,admin.ade.ar,82594
Arkansas Private Schools,83940,admin.arprivate.ar,83941
Arlee School District 8-J,75386,admin.arlee.mt,75387
Arlington Classics Academy,58498,admin.arlingtonclassics.tx,58499
Arlington Community Schools,72421,admin.arlington.tn,72407
Arlington Isd,33547,admin.arlington.tx,33548
Arlington Public Schools,22906,admin.arlington.va,22907
Armona Union Elementary School District,99537,admin.auesd.ca,99538
Arp Isd,19320,admin.arp.tx,19321
Arrow Academy,64717,admin.arrow.tx,64718
Artesia Public Schools,80670,admin.artesia.nm,80671
Arvin Union Elementary School District,93671,admin.arvin.ca,93672
Ascend (District),91973,admin.ascend.ca,91974
Asheboro City Schools,88152,admin.asheborocity.nc,88153
Ashe County Schools,88260,admin.ashe.nc,88261
Asheville City Schools,88144,admin.ashevillecity.nc,88145
Ashland School District 32,55887,admin.ashland.mt,55890
Ashland Unified Sch Dist 220,78717,admin.ashland.ks,78718
Asotin-Anatone School District,99519,admin.aasd.wa,99520
Aspermont Ind School District,57603,admin.aspermont.tx,57604
Atchison Co Cmty Usd 377,79866,admin.usd377.ks,79867
Atchison Unified Sch Dist 409,78404,admin.atchison.ks,78405
Athens Ind School District,49572,admin.athens.tx,49573
Atlanta C-3 School District,98967,admin.atlantak12.mo,98968
Atlanta Ind School District,41372,admin.atlanta.tx,41373
Atlanta Public Schools,60857,admin.atlanta.ga,60858
Atlantic Montessori,91531,admin.atlanticmontessori.fl,91532
Atlas Prep,91159,admin.atlasprep.co,91160
Atoka Public Schools,96955,admin.atoka.ok,96956
Attala County School District,100435,admin.attala.ms,100436
Attica Unified Sch Dist 511,83746,admin.attica.ks,83747
Atwater Elementary School District,99540,admin.aesd.ca,99541
Aubrey Ind School District,57316,admin.aubrey.tx,57317
Auburn City School District,84322,admin.auburn.al,84323
Augusta County Public Schools,22685,admin.augusta.va,22686
Augusta Unified Sch Dist 402,78610,admin.augusta.ks,78611
Aurora Public School District,69833,admin.aps.co,69834
Aurora West School Dist 129,60398,admin.westaurora.mt,60399
Aurora West School Dist 129,60461,admin.westaurora.il,60462
Austin Independent School District,16205,admin.austin.tx,16206
Austwell Tivoli Ind Sd,49869,admin.atisd.tx,49870
Avalon Ind School District,63897,admin.avalon.tx,63898
Avery County Schools,64737,admin.avery.nc,64738
Avery Ind School District,68176,admin.avery.tx,68177
Avery School District,85471,admin.avery.id,85472
Avinger Ind School District,67691,admin.avinger.tx,67692
Avon Central Schools,19322,admin.avon.ny,19323
Avon Local School District,70713,admin.avon.oh,70733
A. W. Brown-Fellowship Leadership Academy,83382,admin.brownacademy.tx,83383
Axtell Ind School District,58196,admin.axtell.tx,58197
Azle Ind School District,58256,admin.azle.tx,58257
Azleway Charter School,55679,admin.azleway.tx,55680
Aztec Municipal School Dist 2,80786,admin.aztec.nm,80787
Azusa USD,92113,admin.azusa.ca,92114
Bacon Co School District,68629,admin.bacon.ga,68630
Baird Ind School District,50969,admin.baird.tx,50970
Bald Eagle SD,1819,admin.beasd.pa,4754
Bald Knob School District,83630,admin.baldknob.ar,83631
Baldwin City Usd 348,77788,admin.baldwin.ks,77789
Baldwin County School District,37251,admin.baldwin.al,37252
Baldwin Park Unified Sch Dist,66522,admin.bpusd.ca,66523
Baldwyn School District,100318,admin.baldwyn.ms,100319
Ballinger Ind School District,59340,admin.ballinger.tx,59341
Balmorhea Ind School District,51256,admin.balmorhea.tx,51257
Baltimore City Public Schools,25985,admin.baltimorecity.md,25986
Baltimore County Public Schools,13566,admin.baltimore.md,13567
Baltimore Curriculum Project,97098,admin.bcp.md,97638
Bamberg School District 1,67752,admin.bamberg1.sc,67753
Bandera Ind School District,40345,admin.bandera.tx,40346
Bangs Ind School District,80026,admin.bangs.tx,80027
Banning Unified School District,88933,admin.banning.ca,88934
Banquete Ind School District,40071,admin.banquete.tx,40072
Barber Co North Unif Sd 254,77998,admin.barber.ks,77999
Barbers Hill Ind Sch District,39989,admin.barbershill.tx,39990
Barbers Hill Ind Sch District,97101,admin.barbershill.tx.inactive,97102
Barnes-Hanover-Lin Usd 223,78874,admin.usd223.ks,78875
Barnwell School District 45,68269,admin.barnwell45.sc,68270
Barren County Schools,90469,admin.barren.ky,90470
Barrington 220 School District,99143,admin.barrington.il,99144
Barrow Co School District,81676,admin.barrow.ga,81677
Bartholomew Consolidated School Corporation,97841,admin.bartholomewconsolidated.in,97821
Bartlett City Schools,72288,admin.bartlett.tn,72289
Bartlett Ind School District,84195,admin.bartlett.tx,84196
Barton-Lexa School District,83525,admin.bartonlexa.ar,83526
Basin School District 72,82987,admin.basin.id,82988
Bastrop Ind School District,42278,admin.bastrop.tx,42279
Batavia Unit School Dist 101,79565,admin.batavia.il,79566
Batesville Community School Corporation,93945,admin.batesville.in,93946
Bauxite School District 14,83617,admin.bauxite.ar,83618
Baxter Springs Unified Sd 508,77774,admin.baxtersprings.ks,77775
Bay Area Charter Inc,59476,admin.bac.tx,59477
Bay City Isd,18745,admin.baycity.tx,18746
Bay County Public Schools,102397,admin.baycounty.fl,102398
Bay St Louis Waveland School District,100188,admin.bwsd.ms,100189
Beach School District 3,68656,admin.beach.nd,68657
Beacon Hill Prep,85704,admin.beaconhillprep.tx,85705
Bearden Public School,94033,admin.bearden.ok,94034
Bearden School District,83533,admin.bearden.ar,83534
Beardstown Cmty Sch Dist 15,69312,admin.beardstown.il,69332
Bear Lake Co Sch Dist 33,83016,admin.bearlake.id,83017
Beaufort Co School District,73962,admin.beaufort.sc,73963
Beaufort County Schools,89205,admin.beaufort.nc,89206
Beaumont Isd,19206,admin.beaumont.tx,19207
Beaumont Unified Sch District,68036,admin.beaumont.ca,68037
Beckville Isd School District,41350,admin.beckville.tx,41351
Bedford Central School District,97839,admin.bedford.ny,97819
Bedford Co School District,79775,admin.bedford.tn,79776
Bedford County Public Schools,22946,admin.bedford.va,22947
Beeville Isd,7769,admin.beeville.tx,7770
Belen Consolidated,4878,admin.belen.nm,4879
Bellefonte Area Sd,2269,admin.basd.pa,4648
Belle Plaine Unified Sd 357,78154,admin.belleplaine.ks,78155
Bellevue School District,24486,admin.bellevue.wa,24487
Bellevue Union School District,32627,admin.bellevue.ca,32628
Bells Ind School District,47935,admin.bells.tx,47936
Bellville Ind School District,61079,admin.bellville.tx,61096
Beloit Unified School Dist 273,83568,admin.beloit.ks,83569
Belton Ind School District,44312,admin.belton.tx,44313
Belvidere Cmty Unit Sd 100,84983,admin.belvidere.il,84984
Benavides Ind School District,45753,admin.benavides.tx,45754
Ben Bolt Palito Blanco Isd,35248,admin.bbpb.tx,35249
Ben Hill Co School Dist,62196,admin.bhcs.ga,62197
Ben Hill Co School District,50500,admin.bhcs.tx,50501
Benicia Unified School Dist,74844,admin.benicia.ca,74845
Benjamin Ind School District,45429,admin.benjamin.tx,45430
Benton Co School District,78446,admin.benton.ms,78447
Benton Co School District,81601,admin.benton.tn,81602
Benton School District 8,83704,admin.benton.ar,83705
Berkeley Co School District,66927,admin.berkeley.sc,66928
Berkley School District,68792,admin.berkley.mi,68793
Berlin Brothersvalley School District,19330,admin.brothersvalley.pa,19331
Bernalillo Public Schools,8046,admin.bernalillo.nm,8047
Berrien Co School District,81854,admin.berrien.ga,81855
Berryhill Public Schools,99867,admin.berryhill.ok,99868
Berryville School District 27,82968,admin.berryville.ar,82969
Bertie County Schools,88240,admin.bertie.nc,88241
Beta Academy,91554,admin.betaacademy.tx,91555
Bethalto Community Unit School District 8,86535,admin.bethalto.il,86536
Bethany Public Schools,97845,admin.bethany.ok,97859
Bethel School District 52,78232,admin.bethel.or,78233
Bethel-Tate Local School Dist,75676,admin.betheltate.oh,75677
Bethlehem Area School District,94908,admin.basdschools.pa,94909
Big Beaver Falls Asd,2793,admin.beaverfalls.pa,4652
Big Horn Co School District 4,79268,admin.bighorn.wy,79269
Big Horn - Spring Creek Elementary District,97344,admin.bhsc.mt,97326
Big Pasture Public Schools,98699,admin.bigpastureps.ok,98700
Big Sandy Ind School District,42349,admin.bigsandy.tx,42350
Big Sandy Ind School District,71860,admin.dallardsville.tx,71861
Big Sandy School Dist 11 & 2,73465,admin.bigsandy.mt,73466
Big Spring Ind School District,56888,admin.bigspring.tx,56889
Big Springs Charter School,53889,admin.bigspringscharter.tx,53890
Big Thought,79015,admin.bigthought.tx,79016
Billings Catholic Schools,16146,admin.billingscs.mt,16147
Billings Co School District 1,65578,admin.billings.nd,65579
Billings School District,55873,admin.billings.mt,55874
Biloxi ELC,102470,admin.biloxielc.ms,102471
Biloxi Public School District,86766,admin.biloxi.ms,86767
Binger-Oney Public Schools,100264,admin.binger-oney.ok,100265
Birdville Isd,1162,admin.birdville.tx,4653
Birmingham City School Dist,83995,admin.birmingham.al,83996
Bishop Cons Ind Sch District,52330,admin.bishopcisd.tx,52331
Blackfoot School District 55,76009,admin.blackfoot.id,76010
Blackwell Consolidated Independent School District,86364,admin.blackwell.tx,86365
Blackwell Public Schools,94288,admin.blackwell.ok,94289
Bladen County Schools,89684,admin.bladen.nc,89685
Blaine Co School District 61,85006,admin.blaine.id,85007
Blanco Ind School District,41150,admin.blanco.tx,41151
Bland County School District,24228,admin.bland.va,24229
Bland Ind School District,42769,admin.blandmerit.tx,
Bland Isd,19326,admin.bland.tx,19327
Blanket Ind School District,50564,admin.blanket.tx,50565
Bliss Joint District,85216,admin.blissjd.id,85217
Bloomburg Ind School District,41489,admin.bloomburg.tx,41490
Bloomfield School District,80538,admin.bloomfield.nm,80539
Bloomfield Township School District,96041,admin.bloomfieldtownship.nj,96042
Blooming Grove Ind School Dist,41669,admin.bloominggrove.tx,41670
Bloomington Isd,19328,admin.bloomington.tx,19329
Blount Co School District,75855,admin.blount.tn,75856
Blount County Schools,92154,admin.blount.al,92155
Blue Ridge Ind School District,51709,admin.blueridge.tx,51710
Bluestem Unif Sch District 205,79404,admin.bluestem.ks,79405
Blue Valley Unif Sch Dist 229,84502,admin.bluevalley.ks,84503
Bluff Dale Ind Sch Dist,74291,admin.bluffdale.tx,74292
Blum Ind School District,43289,admin.blum.tx,43290
Blytheville School District,83837,admin.blytheville.ar,83838
Boerne Ind School District,46932,admin.boerne.tx,46933
Boise City Ind School Dist 1,73340,admin.boise.id,73341
Boles Ind School District,43809,admin.boles.tx,43810
Boling Ind School District,45909,admin.boling.tx,45910
Bolivar County Community Action Agency,102408,admin.bolivarcounty.ms,102409
Bonham Ind School District,51909,admin.bonham.tx,51910
Bonner Spgs-Edwrdvl Usd 204,79557,admin.usd204.ks,79558
Bonneville Joint Sch Dist 93,84851,admin.bonneville.id,84852
Booker Ind School District,41369,admin.booker.tx,41370
Booneville School District,91523,admin.booneville.ar,91524
Booneville School District,100191,admin.booneville.ms,100192
Borden Co Ind School District,54629,admin.bordencisd.tx,54630
Borger Isd,14089,admin.borger.tx,14090
Bosqueville Ind Sch District,66163,admin.bosqueville.tx,66164
Bossier Parish School Dist,81791,admin.bossierparish.la,81792
Boston Public School District,74234,admin.bpsd.ma,74235
Boulder Valley School District Re-2,69353,admin.bouldervalley.co,69354
Boundary Co School Dist 101,83003,admin.boundary.id,83004
Bound Brook School District,70313,admin.boundbrook.nj,70314
Bovina Ind School District,39256,admin.bovina.tx,39257
Bowie Ind School District,46769,admin.bowie.tx,46770
Bowling Green Ind School Dist,75315,admin.bowling.ky,75316
Bowman Co School Dist 1,67603,admin.bowman1.nd,67604
Box Elder School District,92507,admin.besd.ut,92508
Boyd Co Public School District,70176,admin.boyd.ky,70177
Boyd Ind School District,59342,admin.boyd.tx,59343
Boyle Co School District,79864,admin.boyle.ky,79865
Boys &amp; Girls Club Of Arlington,36988,admin.bgcarlington.tx,36989
Boys &amp; Girls Club Of Greater Ft Worth,36788,admin.bgcftw.tx,36789
Boys &amp; Girls Club Of Harlingen,37087,admin.bgcharlingen.tx,37088
Boys &amp; Girls Clubs Of America,36387,admin.bgctexas.tx,36388
Boys &amp; Girls Clubs Of Portland,13525,admin.bgcportland.or,13526
Boys and Girls Club Calderon,67684,admin.bgccalderon.tx,67685
Boys and Girls Club Moseley Center,82082,admin.bgcmoseley.id,82083
Boys and Girls Club of ADA County,82086,admin.bgc.id,82087
Boys & Girls Club of Dallas,36827,admin.bgcdallas.tx,36828
Boys & Girls Club of El Paso,36947,admin.bgcelpaso.tx,36948
Boys & Girls Club of Timber Ridge,26971,admin.clairborneparish.la,26972
Boys & Girls Clubs of Greater Dallas,84431,admin.bgcgd.tx,84432
Boys & Girls Clubs of Greater Milwaukee,84994,admin.bgcmilwaukee.wi,84995
Boys Ranch Ind School District,44510,admin.boysranch.tx,44511
Brackett Ind School District,42489,admin.brackett.tx,42509
Bradford Prep,91574,admin.bradfordprep.nc,91575
Bradford School District,83872,admin.bradford.ar,83873
Brady Ind School District,49829,admin.brady.tx,49830
BRAINATION,55849,admin.woodcharter.tx,55850
Brandon Valley Sch Dist 49-2,77269,admin.brandonvalley.sd,77270
Branson Reorganized School District No. 82,96180,admin.branson.co,96181
Brazos Ind School District,66325,admin.brazos.tx,66326
Brazosport ISD,8907,admin.brazosport.tx,8908
Brazos School For Inquiry & Creativity,67263,admin.brazosschool.tx,67264
Brea-Olinda Unified School District,89871,admin.bousd.ca,89872
Breckenridge Ind School Dist,57856,admin.breckenridge.tx,57857
Breitung Twp School District,73544,admin.breitung.mi,73545
Bremen Public Schools,72924,admin.bps.in,72925
Bremerton School District,87458,admin.bremerton.wa,87459
Bremond Isd,35207,admin.bremond.tx,35208
Brenham Ind School District,48229,admin.brenham.tx,48230
Brentwood Union Free School District,102448,admin.brentwoodunion.ny,102449
Brevard Co School District,73243,admin.brevard.fl,73244
Brewster Central School Dist,77756,admin.brewster.ny,77757
Brewster Unified Sd 314,79946,admin.brewster.ks,79947
Bridge City Isd,24232,admin.bridgecity.tx,24233
Bridgeport Ind School District,51349,admin.bridgeport.tx,51350
Bridgeprep Academy Charter Schools,84905,admin.bridgeprepacademy.fl,84906
Bridgeton Public Schools,92132,admin.bridgeton.nj,92133
Bridgeway Preparatory Academy District,95308,admin.bpa.tx,95309
Briggs Public School,91008,admin.briggs.ok,91009
Bright Star Schools,67664,admin.brightstar.ca,67665
Brightstone,69992,admin.kr,
Brightstone Labs,70073,admin.brightstone.kr,70074
Brightstone Labs,73756,admin.seoul.kr,73757
Brimfield Community Unit School District 309,98339,admin.brimfield.il,98340
Brinnon School District 46,79834,admin.brinnon.wa,79835
Bristol Tennessee City Schools,23685,admin.bristol.tn,23686
Bristol Township School District,90379,admin.bristol.pa,90380
Broaddus Ind School District,47349,admin.broaddus.tx,47350
Brock Isd,14347,admin.brock.tx,14348
Brockton School District,55870,admin.brockton.mt,55871
Brockton School District,84689,admin.brockton.ma,84690
Bronte Ind School District,65902,admin.bronte.tx,65903
Brookeland Ind School District,81465,admin.brookeland.tx,81466
Brookesmith Ind Sch District,44570,admin.brookesmith.tx,44571
Brookhaven ELC,102554,admin.brookhavenelc.ms,102555
Brookhaven School District,100171,admin.brookhaven.ms,100172
Brookland School District,83539,admin.brookland.ar,83540
Brooks Academy Charter Schools,72140,admin.brooksacademy.tx,72141
Brooks Co School District,57378,admin.brooks.ga,57379
Brooks County Isd,16865,admin.brooks.tx,16866
Brookville ASD,9491,admin.brookville.pa,9492
Broward County Public Schools,14440,admin.broward.fl,14441
Brownfield Isd,5642,admin.brownfield.tx,5643
Browning Public Schools,34508,admin.browning.mt,34509
Brownsboro ISD,8545,admin.brownsboro.tx,8546
Brownstown Central Community School Corporation,93995,admin.btownccs.in,93996
Brownsville Area School District,19332,admin.brownsville.pa,19333
Brownsville Ind School Dist,41752,admin.brownsville.tx,41753
Brownsville ISD,3616,admin.brownsville.tx.inactive,
Brownwood Ind School District,52391,admin.brownwood.tx,52392
Bruceville Eddy Ind Sch Dist,65766,admin.beisd.tx,65767
Bruneau-Grand View Joint District,85424,admin.bruneaugrandview.id,85425
Bruning-Davenport Unified School District,86622,admin.bruningdavenport.ne,86623
Brunswick County Public Schools,19725,admin.brunswick.va,19726
Brunswick County Schools,88532,admin.brunswick.nc,88533
Brushy Public School,100532,admin.brushy.ok,100533
Bryan County School District,96313,admin.bryan.ga,96314
Bryan Ind School District,42611,admin.bryan.tx,42612
Bryson Ind School District,58284,admin.bryson.tx,58285
"BTX Schools, Inc.",86927,admin.btxschools.tx,86928
Buckeye Valley Local Sch Dist,73161,admin.buckeyevalley.oh,73162
Buckholts Ind School District,46689,admin.buckholts.tx,46690
Bucklin Unified Sch Dist 459,78694,admin.bucklin.ks,78695
Buena Park Elementary School District,97450,admin.buenapark.ca,97479
Buena Vista Ind Sch District,51429,admin.buenavista.tx,51430
Buffalo Hanover Montrose Sd,79643,admin.bhms.mn,79644
Buffalo Ind School District,51289,admin.buffalo.tx,51290
Buffalo Public Schools,83448,admin.buffalo.ny,83449
Buford City School District,71260,admin.buford.ga,71261
Buhler Unified School Dist 313,78440,admin.buhler.ks,78441
Buhl Joint School District 412,83006,admin.buhljoint.id,83007
Bullard Ind School District,41309,admin.bullard.tx,41310
Bulloch Co School System,27767,admin.bulloch.ga,27768
Buna Isd,20077,admin.buna.tx,20078
Buncombe County Schools,87832,admin.buncombe.nc,87833
Bunker Hill Cmty Unit Sd 8,74974,admin.bunkerhill.il,74975
Burkburnett Ind Sch Dist,45209,admin.burkburnett.tx,45210
Burke Central 36 School District,91180,admin.burke.nd,91181
Burke Co School District,74703,admin.burke.ga,74704
Burke County Schools,89692,admin.burke.nc,89693
Burke School District 26-2,65970,admin.bsd.sd,65971
Burkeville Ind School District,65805,admin.burkeville.tx,65806
Burleson Ind School District,46569,admin.burleson.tx,46570
Burlingame Elem Sch District,61897,admin.burlingame.ca,61898
Burlingame Unif Sch Dist 454,83738,admin.burlingame.ks,83739
Burlington Public Schools (District),98238,admin.burlington.ok,98239
Burnet Cons Ind Sch Dist,53149,admin.burnetcisd.tx,53150
Burnham Wood CSD,61136,admin.burnhamwoodcsd.tx,61137
Burrton Unified Sch Dist 369,82198,admin.burrton.ks,82199
Burton Ind School District,66043,admin.burton.tx,66044
Burton School District,77692,admin.burton.ca,77693
Bushland Ind School District,54272,admin.bushland.tx,54273
Butler R-V School District,89271,admin.butler.mo,89272
Butte County Joint District,85583,admin.butte.id,85584
Butterfield Elementary School,44531,admin.sanger.tx,44549
Butte School District,34668,admin.butte.mt,34669
Bynum Ind School District,39573,admin.bynum.tx,39574
Cabarrus County Schools,88037,admin.cabarrus.nc,88038
Cabrillo Unified School Dist,82586,admin.cabrillousd.ca,82587
Cache Co School District,65909,admin.ccsd.ut,65910
Cache Public Schools,85757,admin.cache.ok,85758
Caddo Hills School District,83640,admin.caddohills.ar,83641
Caddo Mills Ind Sch Dist,46802,admin.mills.tx,46803
Caddo Parish Public Schools,74661,admin.caddoparish.la,74662
Caddo Public Schools,102167,admin.caddo.ok,102168
CAI Education Advancement Trust,86221,admin.cai.pa,86222
Cajon Valley Union School District,97327,admin.cajonvalley.ca,97347
Calallen Ind School District,54265,admin.calallen.tx,54266
Caldwell County Schools,88773,admin.caldwell.nc,88774
Caldwell Ind School Dist,42190,admin.caldwell.tx,42191
Caldwell School District 132,76035,admin.caldwell.id,76036
Caldwell Unified Sch Dist 360,84310,admin.caldwell.ks,84311
Calhoun Co Ind School District,46865,admin.calhouncounty.tx,46866
Calhoun Co School District,68515,admin.calhoun.al,68516
Calhoun County School District,100153,admin.calhoun.ms,100154
Calhoun County Schools,97986,admin.calhoun.wv,97987
Callisburg Ind School District,60918,admin.callisburgisd.tx,60919
Calvert Co Public Sch District,74742,admin.doc.md,74743
Calvert Ind School District,61848,admin.calvert.tx,61849
Calvin Nelms Charter Schools,98932,admin.cnchs.tx,98933
Camas County District,85368,admin.camas.id,85369
Cambridge Joint District,85402,admin.cambridge.id,85403
Camden City School District,89795,admin.camden.nj,89796
Camden Co School District,74399,admin.camden.ga,74420
Camden County Schools,89094,admin.camden.nc,89095
Camden-Fairview School Dist 16,83868,admin.camdenfairview.ar,83869
Cameron Isd,19334,admin.cameron.tx,19335
Camino Union School District,78193,admin.caminounion.ca,78194
Campbell Ind School District,49692,admin.campbell.tx,49693
Campbell Union School District,82433,admin.campbellunion.ca,82434
Canadian Ind School District,51930,admin.canadian.tx,51931
Canby School District 86,89516,admin.canby.or,89517
Candler County School District,95888,admin.candler.ga,95889
Caney Valley Usd 436,82253,admin.caneyvalley.ks,82254
Canon City Schools Fremont Re-1,96193,admin.ccsfremont.co,96194
Canton Area School District,23047,admin.canton.pa,23048
Canton-Galva Usd 419,83151,admin.cantongalva.ks,83152
Canton Ind School District,41729,admin.canton.tx,41730
Canton Public School District,100221,admin.canton.ms,100222
Canutillo Isd,25448,admin.canutillo.tx,25449
Canyon Ind School District,50629,admin.canyon.tx,50630
Canyons School District,92620,admin.canyons.ut,92621
Capistrano Unified School District,90362,admin.capousd.ca,90363
Capital Academic Management &amp; Consulting,13145,admin.capitalacademic.kr,
Capital Management and Consulting,13206,admin.cap.kr,13207
Capitan Municipal Sch Dist,80652,admin.capitan.nm,80653
Capstone Education Group,89280,admin.capstone.tn,89281
Carbon Co School District,76325,admin.carbon.ut,76326
Care Private,91634,admin.care.fl,91635
Carlisle Ind School District,61784,admin.carlisle.tx,61785
Carlisle School District,83646,admin.carlisle.ar,83647
Carlsbad Municipal Sch Dist,80728,admin.carlsbad.nm,80729
Carlynton SD,1899,admin.carlynton.pa,4654
Carmel Clay Schools,32227,admin.carmelclay.in,32228
Carrizo Spgs Cons Ind Sd,45870,admin.carrizosprings.tx,45871
Carrizozo Municipal Sch Dist,80401,admin.carrizozo.nm,80402
Carroll Co School District,60996,admin.carroll.ga,60977
Carroll County School District,100443,admin.carroll.ms,100444
Carroll Independent Sch Dist,61476,admin.carroll.tx,61477
Carrollton City Sch District,65776,admin.carrollton.ga,65777
Carrollton Exempted Village Sd,75252,admin.carrollton.oh,75253
Carrollton-Farmers Branch Isd,47944,admin.cfbisd.tx,47945
Carter Co School District,76183,admin.carter.tn,76184
Carteret Borough School District,96427,admin.carteretborough.nj,96428
Carteret Co School District,76629,admin.carteret.nc,76616
Carthage Isd,10806,admin.carthage.tx,10807
Cartwright Elementary School District,6345,admin.cartwright.az,6346
Caruthersville Public Schools,19336,admin.caruthersville.mo,19337
Cary Community Consolidated School District 26,97015,admin.ccsd26.il,97016
Cascade School District 422,83000,admin.cascade.id,83001
Cashion Public Schools,94101,admin.cashion.ok,94102
Cassia Co Joint Sch Dist 151,76186,admin.cassia.id,76187
Castleberry Ind Sch District,56976,admin.castleberry.tx,56977
Castleford Joint Sch Dist 417,83081,admin.castleford.id,83082
Castlewood School Dist 28-1,81171,admin.castlewood.sd,81172
Castro Valley Unified School District,97540,admin.castrovalley.ca,97559
Caswell County Schools,89338,admin.caswell.nc,89339
Catawba County Schools,87771,admin.catawbacounty.nc,87772
Catholic Diocese of Dallas,74978,admin.cathdal.tx,74979
Catholic Diocese of Wilmington,21445,admin.cdow.de,21446
Catoosa County School District,94771,admin.catoosa.ga,94772
Cave City School District 2-A,83643,admin.cavecity.ar,83644
Cayuga Ind School District,57017,admin.cayuga.tx,57036
CCSD-Charter Schools,97237,admin.ccsdcharter.nv,97238
Cedar Hill Ind School District,41531,admin.cedarhill.tx,41532
Cedar Vale Unified Sd 285,78078,admin.cedarvale.ks,78079
Celeste Ind School District,49069,admin.celeste.tx,49070
Celina Ind School District,37916,admin.celina.tx,37917
Centennial School District No. R-1,96409,admin.centennial.co,96410
Center Cass School District 66,9306,admin.centercass.il,9307
Center Consolidated School District 26 Jt,26569,admin.center.co,26570
Center Isd,9339,admin.center.tx,9346
Center Point Ind Sch District,44371,admin.centerpoint.tx,44372
Centerpoint School District,83715,admin.centerpoint.ar,83716
Centerville Ind Sch District,55989,admin.cisd.tx,55990
Centerville Ind School Dist,50566,admin.centerville.tx,50567
Central Consolidated School District,7166,admin.central.nm,7167
Central Dauphin School Dist,74071,admin.cdsd.pa,74072
Central Elem School Dist 32,71061,admin.centralelemdistrict32.nd,71062
Central Falls School District,79439,admin.centralfalls.ri,79440
Central Heights Ind Sch Dist,56657,admin.centralheightsisd.tx,56658
Central Heights Usd 288,79969,admin.usd288.ks,79970
Central High Public Schools,98892,admin.chps.ok,98893
Centralia Elementary School District,97348,admin.centralia.ca,97328
Centralia R-VI School District,101307,admin.centralia.mo,101308
Central Isd,19338,admin.central.tx,19339
Central Montana Head Start,34208,admin.cmhs.mt,34209
Central Oahu School District,82383,admin.oahu.hi,82384
Central Plains Unif Sd 112,80087,admin.usd112.ks,80088
Central Point School District 6,91366,admin.centralpoint.or,91367
Central Stickney School District 110,96029,admin.stickney.il,96030
Central Unif Sch Dist 462,82630,admin.central.ks,82631
Central Valley School District,21226,admin.centralvalley.pa,21227
Central York School District,62241,admin.cysd.pa,62242
Centre Unified School Dist 397,82362,admin.centreusd.ks,82363
Ceres Unified School District,83528,admin.ceres.ca,83529
Challis Joint School Dist 181,83025,admin.challisjoint.id,83026
Chama Valley Ind School Dist,80663,admin.chamavalley.nm,80664
Chambersburg Sd,1597,admin.chambersburg.pa,4655
Champaign Community Unit School District 4,89973,admin.champaign.il,89974
Channelview Ind Sch District,60536,admin.channelview.tx,60537
Channing Ind School District,54518,admin.channing.tx,54519
Chanute Public School Usd 413,78762,admin.chanute.ks,78763
Chapel Hill Carboro City Schools,89324,admin.chapelhillcarboro.nc,89325
Chapel Hill Ind School Dist,48469,admin.chapelhillisd.tx,48470
Chapel Hill Ind School Dist (Tyler),51702,admin.chapelhill.tx,51703
Chapman Unified Sch Dist 473,81769,admin.chapman.ks,81770
Charles City County Public Schools,23986,admin.charlescity.va,23987
Charles Co Public Schools,66578,admin.ccboe.md,66579
Charleston School District,83614,admin.charleston.ar,83615
Charlo School District 7j,33968,admin.charlo.mt,33969
Charlotte Co Public Sch Dist,74801,admin.charlotte.fl,74802
Charlotte Ind School District,63257,admin.charlotte.tx,63258
Charlotte-Mecklenburg Schools,1609,admin.cms.nc,4657
Charlotte Public School Dist,74894,admin.charlotte.mi,74895
Charlton Co School District,61838,admin.charlton.ga,61839
Charter Schools USA,91980,admin.csusa.fl,91981
Chase Co Unified Sch Dist 284,77729,admin.chase.ks,77730
Chase-Raymond Unified School District 401,86257,admin.chaseraymond.ks,86258
Chatham County Schools,88357,admin.chatham.nc,88358
Checotah Public Schools,91137,admin.checotah.ok,91138
Cheltenham Twp School District,82224,admin.cheltenham.pa,82225
Cheney School District 360,79674,admin.cheney.wa,79675
Cheney Unified School Dist 268,78381,admin.cheney.ks,78382
Cherokee Community Schools,81683,admin.cherokee.ia,81684
Cherokee Co School District 1,68821,admin.cherokee1.sc,68822
Cherokee County Schools,89406,admin.cherokee.nc,89407
Cherokee County Schools,95949,admin.cherokee.al,95950
Cherokee County SD,31668,admin.cherokee.ga,31669
Cherokee Ind School District,49637,admin.cherokee.tx,49638
Cherokee Public Schools,90441,admin.cherokee.ok,90442
Cherry Creek School District No. 5,98240,admin.cherrycreek.co,98201
Cherry Hill Public School Dist,70493,admin.cherryhill.nj,70494
Cherryvale Unif Sch Dist 447,79277,admin.cherryvale.ks,79278
Chester Co School District,67489,admin.chester.sc,67490
Chester County Schools,9287,admin.chestercounty.tn,9288
Chesterfield Co School Dist,67550,admin.chesterfield.sc,67551
Chesterfield Twp School Dist,82339,admin.chesterfield.nj,82340
Chester Ind School District,46409,admin.chester.tx,46410
Cheyenne - Eagle Butte School,20081,admin.cheyenneeaglebutte.sd,20082
Cheylin Unif Sch Dist 103,83318,admin.cheylin.ks,83319
Chicago Public Schools,4600,admin.chicago.il,4656
Chickasaw County School District,100226,admin.chickasaw.ms,100227
Chico Ind School District,42609,admin.chico.tx,42610
"CHIEF TAHGEE ELEMENTARY ACADEMY, INC.",92198,admin.chieftahgee.id,92199
Childress Ind School District,44850,admin.childress.tx,44851
Chillicothe Isd School Dist,44429,admin.chillicothe.tx,44430
Chilton Ind School District,52716,admin.chilton.tx,52717
Chime Institute,32728,admin.chime.ca,32729
China Spring Ind Sch District,53089,admin.chinaspring.tx,53090
Chireno Isd School District,45329,admin.chireno.tx,45330
Chisholm School District,82250,admin.chisholm.ok,82251
Chisum Ind School District,42209,admin.chisum.tx,42210
Chittenden East Supervisory Union,21826,admin.cesu.vt,21827
Choctaw County School District,100216,admin.choctaw.ms,100217
Choctaw-Nicoma Park Schools,86447,admin.choctawnicoma.ok,86448
Christian Co Pub Sch,31627,admin.christianco.ky,31628
Christina School District,99649,admin.christinasd.de,99650
Christoval Ind School District,68189,admin.christoval.tx,68170
Chula Vista Elementary School District,97378,admin.chulavista.ca,97379
Cimarron-Ensign Usd 102,78721,admin.cimarronensign.ks,78722
Cimarron Municipal Schools,80809,admin.cimarron.nm,80810
Cincinnati Public Schools,14568,admin.cincinnati.oh,14569
Circle Unified Sch Dist 375,78990,admin.circle.ks,78991
Cisco Independent Sch Dist,45321,admin.cisco.tx,45322
City Center Health Careers Sch,61801,admin.cchc.tx,61802
City Charter,91234,admin.citycharter.ca,91235
City Gate/Washington DC,74831,admin.citygate.dc,74832
City of Baker School System,19324,admin.baker.la,19325
City of Chicago School District Charter/Contract/O,101767,admin.kippacademy.il,101768
City Of Pembroke Pines,20086,admin.copp.fl,20087
Cityscape School,89736,admin.cityscapes.tx,89737
City Schools Of Decatur,9326,admin.decatur.ga,9327
City View Ind School District,49970,admin.cityview.tx,49971
Claiborne County School District,100439,admin.claiborne.ms,100440
Claremore School District,83101,admin.claremore.ok,83102
Clarendon Cons Ind Sch Dist,41754,admin.clarendon.tx,41755
Clarendon School District 1,68213,admin.clarendon1.sc,68214
Clarendon School District 2,68045,admin.clarendon2.sc,68046
Clarendon School District 3,68410,admin.clarendon3.sc,68411
Clarendon School District 6,83875,admin.clarendon.ar,83876
Clark County District,85644,admin.clark.id,85645
Clark County School District,16546,admin.clark.nv,16547
Clarke Community School District,102413,admin.clarkecommunity.ia,102414
Clarke Co School District,76176,admin.clarke.ga,76177
Clarke County ELC,102552,admin.clarkeelc.ms,102553
Clarksdale Collegiate District (District),101127,admin.clarksdalecollegiate.ms,101128
Clarksdale Municipal Sch Dist,74229,admin.clarksdale.ms,74230
Clarkston School District,98198,admin.clarkston.wa,98218
Clarksville Ind Sch District,52090,admin.clarksville.tx,52091
Clarksville School District 17,83840,admin.clarksville.ar,83841
"ClassLink, Inc.",75328,admin.classlink.idemo,75329
Claude Ind School District,50493,admin.claude.tx,50494
Clay Co Unified Sch Dist 379,77811,admin.clay.ks,77812
Clay County Schools,88837,admin.clay.nc,88838
Clayton County Public Schools,12585,admin.clayton.ga,12586
Clayton School District,80601,admin.clayton.nm,80602
Clear Creek Ind School Dist,45469,admin.clearcreek.tx,45470
Clear Creek School District No. Re-1,96555,admin.ccsdre1.co,96556
Clearfield Area School District,93476,admin.clearfield.pa,93477
Clearwater Unified Sd 264,79201,admin.clearwater.ks,79202
Cleburne Isd,11846,admin.cleburne.tx,11847
Cleveland County School Dist,83390,admin.cleveland.ar,83391
Cleveland County Schools,87726,admin.cleveland.nc,87727
Cleveland ELC,102550,admin.clevelandelc.ms,102551
Cleveland Ind School District,50496,admin.cleveland.tx,50497
Cleveland Metropolitan School District,90298,admin.clevelandmetro.oh,90299
Cleveland School District,100312,admin.cleveland.ms,100313
Clever Demo District,90587,admin.cleverdemo.tx,90588
Clever District,83577,admin.clever.idemo,83578
Clifton-Clyde Usd 224,80331,admin.cliftonclyde.ks,80332
Clifton Ind School District,47367,admin.clifton.tx,47368
Clint Isd,16331,admin.clint.tx,16332
Clinton Admin,94394,admin.clinton.mt,94395
Clinton Central School Corporation,19340,admin.clintoncentral.in,19341
Clinton City Schools,88250,admin.clintoncity.nc,88251
Clinton Elementary District,96010,admin.clintonele.mt,96011
Clinton Graceville Beardsley Elementary,97939,admin.clintongracevillebeardsleyes.mn,97940
Clinton Public School District,100255,admin.clinton.ms,100256
Clinton Public Schools,99003,admin.clinton.ok,99004
Cloudcroft Municipal Schools,80609,admin.cloudcroft.nm,80610
Clover School District 2,67326,admin.clover.sc,67327
Clovis Global Academy,94448,admin.clovisga.ca,94449
Clovis Municipal School Dist,80550,admin.clovis.nm,80551
Clyde Cisd,32568,admin.clyde.tx,32569
Coachella Valley Unif Sch Dist,79542,admin.coachellavalley.ca,79543
Coahoma Co School District,75896,admin.coahoma.ms,75897
Coahoma ELC,102548,admin.coahomaelc.ms,102549
Coahoma Ind School District,63497,admin.coahoma.tx,63498
Coalinga-Huron Usd,9188,admin.coalinga.ca,9190
Cobb Co School District,35727,admin.cobb.ga,35728
Cobre Cons School District,80645,admin.cobre.nm,80646
Coeur D'alene School Dist 271,78551,admin.coeurdalene.id,78552
Coffee Co School District,76546,admin.coffee.tn,76547
Coffeeville School District,100259,admin.coffeeville.ms,100260
Coffeyville Unified Sd 445,78768,admin.coffeyville.ks,78769
Cohoes City School District,13625,admin.cohoes.ny,13626
Colbert County Schools,91426,admin.colbert.al,91427
Colbert Public Schools,94388,admin.colbert.ok,94389
Colby School District,89513,admin.colby.wi,89514
Colby Unified School Dist 315,78068,admin.colby.ks,78069
Coldspring-Oakhurst Cons Isd,52489,admin.coldspringoakhurstcisd.tx,52490
Colegio Junipero,87083,admin.colegiojunipero.mx,87084
Coleman Ind School District,39589,admin.coleman.tx,39590
College Station Ind Sch Dist,53989,admin.collegestation.tx,53990
Colleton Co School District,66973,admin.colletonsd.sc,66974
Collinsville Cmty Sch Dist 10,83386,admin.collinsville.il,83387
Collinsville Ind Sch District,45229,admin.collinsville.tx,45230
Colmesneil Ind School District,64378,admin.colmesneil.tx,64379
Colome Cons School Dist 59-3,67829,admin.colome.sd,67830
Colonial Beach Public Schools,19607,admin.colonialbeach.va,19608
Colonial Heights City Sch Dist,76949,admin.colonialheights.va,76950
Colonial Intermediate Unit 20,96087,admin.ciu20.pa,96088
Colorado Department of Education,84844,admin.cde.co,84845
Colorado Ind School District,54939,admin.colorado.tx,54940
Colquitt Co School District,73624,admin.colquitt.ga,73625
Colton Joint Unified School District,90384,admin.colton.ca,90385
Columbia Brazoria Isd,41836,admin.columbiabrazoria.tx,41837
Columbia County School District,32967,admin.columbia.ga,32988
Columbia Local School District,81327,admin.columbia.oh,81328
Columbia School District,100185,admin.columbia.ms,100186
Columbus City Schools,14746,admin.columbus.oh,14747
Columbus County Schools,88445,admin.columbus.nc,88446
Columbus Ind School District,53953,admin.columbus.tx,53954
Columbus Municipal School District,19342,admin.columbus.ms,19343
Columbus School District,96438,admin.columbus.wi,96439
Columbus Unified Sch Dist 493,79177,admin.columbus.ks,79178
Comal Ind School District,47690,admin.comal.tx,47691
Comanche Ind School District,47510,admin.comanche.tx,47511
Comfort Ind School District,43509,admin.comfort.tx,43510
Commerce City School District,86425,admin.commercecity.ga,86426
Commerce Ind Sch Dist,45235,admin.commerce.tx,45236
Commerce Public Schools,91178,admin.commerce.ok,91179
Commonwealth Connections,75409,admin.cca.pa,75410
Community Consolidated School District 180,87004,admin.ccsd.il,87005
Community Consolidated School District 59,90912,admin.community59.il,90913
Community Country Day Erie,24905,admin.ccdserie.pa,
Community Engagement & Opportunity Council (CEOC),98971,admin.ceoc.tx,98972
Community Ind School District,39149,admin.community.tx,39150
Community Services For Children,14526,admin.csc.pa,14527
Community Unit School Dist 300,82376,admin.community.il,82377
Community Unit School Dist 303,84048,admin.community303.il,84049
Community Unit School District 201,99363,admin.cusd201.il,99364
Community Unit School District 4,69934,admin.mendon.il,69935
Como Pickton Cons Ind Sd,52589,admin.cpcisd.tx,52590
Compton Unified School District,93508,admin.compton.ca,93509
"Computer Aid, Inc",16986,admin.compaid.pa,
Comstock Ind School District,48509,admin.comstock.tx,48510
Concordia Unified Sch Dist 333,79092,admin.concordia.ks,79093
Concord School District 3,83416,admin.concord.ar,83417
Conejo Valley Unif Sch Dist,79071,admin.conejovalley.ca,79072
Connally Ind School District,40889,admin.connally.tx,40890
Conneaut School District,7986,admin.conneaut.pa,
Conroe Isd,19344,admin.conroe.tx,19345
Conway Springs Usd 356,80059,admin.usd356.ks,80060
Cook County School District,87155,admin.cookcounty.ga,87156
Cook County Sd 130,74812,admin.cook.il,74813
Coolidge Ind School District,54909,admin.coolidge.tx,54910
Cooper Ind School District,43749,admin.cooper.tx,43750
Coopersville Area Pub Sch Dist,75039,admin.coopersville.mi,75040
Copeland Unified Sd 476,82080,admin.copeland.ks,82081
Copiah County School District,89357,admin.copiah.ms,89358
Coppell Isd,20807,admin.coppell.tx,20808
Copperas Cove Ind Sch District,43432,admin.copperascove.tx,43433
Copper River School District,79112,admin.copperriver.ak,79113
"Corinth, Alcorn, Prentiss County ELC",102546,admin.capelc.ms,102547
Corinth Central School District,20786,admin.corinth.ny,20787
Corinth School District,100453,admin.corinth.ms,100454
Corona-Norco Unif Sch Dist,79691,admin.cnusd.ca,79692
Corona Public School District,80615,admin.corona.nm,80616
Corpus Christi Ind Sch Dist,45649,admin.corpuschristi.tx,45650
Corrigan-Camden Ind Sch Dist,44461,admin.corrigancamden.tx,44462
Corsicana Isd,1002,admin.corsicana.tx,4658
Corvallis School District 509J,92482,admin.corvallis.or,92483
Cossatot River School District,83722,admin.cossatotriver.ar,83723
Cotton Center Ind School Dist,47189,admin.cottoncenter.tx,47190
Cottonwood Joint School District 242,85292,admin.cottonwood.id,85293
Cotulla Independent School District,16165,admin.cotulla.tx,16166
Council School District,85635,admin.council.id,85636
County Line School District,84291,admin.countyline.ar,84292
Coupland Ind School District,61778,admin.coupland.tx,61779
Covina-Valley Unified Sch Dist,82101,admin.covinavalley.ca,82102
Covington County School District,100405,admin.covington.ms,100406
Coweta County School System,19026,admin.coweta.ga,19027
Coweta Public Schools,19926,admin.coweta.ok,19927
Craig City School District,78029,admin.craig.ak,78030
Craig County Public Schools,19227,admin.craig.va,19228
Crandall Ind School District,57102,admin.crandall.tx,57103
Crane Ind School District,49990,admin.crane.tx,49991
Cranfills Gap Ind School Dist,61956,admin.cranfillsgap.tx,61957
Craven County Schools,88127,admin.craven.nc,88128
Crawford Ind School District,43389,admin.crawford.tx,43390
Crest Unified School Dist 479,79370,admin.crest.ks,79371
Crestwood Local School District,87461,admin.crestwood.oh,87462
Crockett Co Cons Common Sd,53850,admin.ccccsd.tx,53851
Crockett Co School District,74903,admin.crockett.tn,74904
Crockett Ind School District,41510,admin.crockett.tx,41511
Crosby Isd,26066,admin.crosby.tx,26067
Crosbyton Cisd,57517,admin.ccisd.tx,57518
Cross Plains Ind Sch Dist,54830,admin.crossplains.tx,54831
Crossroads Isd,19346,admin.crossroads.tx,19347
Crossroads School,34808,admin.crossroads.ca,34809
Crowell Ind School District,67369,admin.crowell.tx,67370
Crowley Isd,7005,admin.crowley.tx,7006
Crown Point Cmty School Corp,60296,admin.cpcsc.in,60297
Crystal City Ind School Dist,50469,admin.crystalcity.tx,50470
Crystal Lake Community Consolidated School Distric,92995,admin.clccsd47.il,92996
Cuba Ind School District,80766,admin.cuba.nm,80767
Cucamonga School District,74881,admin.cucamonga.ca,74882
Cuero Ind School District,43769,admin.cuero.tx,43789
Culberson Co Allamoore Ind Sd,80199,admin.ccaisd.tx,80200
Culdesac Joint School Dist 342,83035,admin.culdesacjoint.id,83036
Cullman Co School District,60697,admin.cullman.al,60698
Culver City Unified School District,89894,admin.culvercity.ca,89895
Cumberland Co School District,79215,admin.cumberland.tn,79216
Cumberland County Public Schools,86769,admin.cumberland.va,86770
Cumberland County Schools,88187,admin.cumberland.nc,88188
Cumby Ind School District,48729,admin.cumby.tx,48730
Cupertino Union School Dist,79671,admin.cupertino.ca,79672
Currituck County Schools,88271,admin.currituck.nc,88272
Cushing Ind School District,40009,admin.cushing.tx,40010
Cut Bank Public Schools,76810,admin.cutbank.mt,76811
Cutler-Orosi Joint Unified School District,86239,admin.cutlerorosi.ca,86240
Cypress-Fairbanks Isd,5478,admin.cyfair.tx,5479
Daingerfield-Lone Star Isd,19348,admin.daingerfield.tx,19349
Dalhart Isd,21765,admin.dalhart.tx,21766
Dallas Academy District,91751,admin.dallasacad.tx,91752
Dallas After School,74964,admin.afterschool.tx,74991
Dallas Independent School District,261,admin.dallas.tx,4659
Dallastown Area Sch District,64118,admin.dallastown.pa,64119
Damon Ind School District,54935,admin.damon.tx,54936
Danbury Ind School District,45829,admin.danbury.tx,45830
Danville Public Schools,19406,admin.danville.va,19407
Danville School District,89286,admin.danville.ar,89287
Dardanelle School District,83330,admin.dardanelle.ar,83331
Dare County Schools,88469,admin.dare.nc,88470
Darrouzett Ind School District,61016,admin.darrouzett.tx,61017
Data and Web Engineering Admin,90802,admin.dwe.tx,90803
Davidson County Schools,87705,admin.davidson.nc,87706
Davie County Schools,87682,admin.daviecounty.nc,87683
Daviess County Schools,96994,admin.daviess.ky,96995
Davis School District,80954,admin.david.ut,80955
Davis School District,83268,admin.davis.ut,83269
Dawson Ind School District,48629,admin.dawson.tx,48630
Dawson Ind School District,53731,admin.dawsonisd.tx,53732
Dayspring Academy for Education and the Arts,93888,admin.dayspring.fl,93889
Dayton Isd,20071,admin.dayton.tx,20072
Dayton Public Schools,4277,admin.dayton.oh,4660
DCSD (Inactive),65367,admin.dcsd.ga,65368
Decatur City School District,27337,admin.decatur.al,27338
Decatur Co School District,69135,admin.decaturcounty.ga,69136
Decatur Ind School District,54512,admin.decatur.tx,54513
Deer Creek School Dist 6,82260,admin.dcs6.ok,82261
Deerfield Unified Sch Dist 216,79854,admin.deerfield.ks,79855
Deer-Mt Judea School District,83610,admin.deermtjudea.ar,83611
Deer Park Ind School District,54690,admin.deerpark.tx,54691
Deer Valley Unified District,92271,admin.deervalley.az,92272
Dekalb Community Unit School District 428,91361,admin.dcusd428.il,91362
Dekalb Co School District,78168,admin.dekalb.tn,78169
Dekalb Co School District,78310,admin.dekalb.ga,78291
Dekalb County Schools,90864,admin.dekalb.al,90865
De Kalb Ind School District,39109,admin.dekalb.tx,39110
Delano Union Elementary School District,96586,admin.delano.ca,96587
Delaware City School District,74092,admin.delaware.oh,74093
DeLeon Isd,19350,admin.deleon.tx,19351
Dell City Ind Sch Dist,63116,admin.dcisd.tx,63117
Del Valle Isd,19352,admin.delvalle.tx,19353
Deming Public School District,13645,admin.deming.nm,13646
Demo Idaho School District,102297,admin.demo.id,102298
Demo UCF,74017,admin.ucf.fl,74018
Demoville Independent School District,102432,admin.demoville.tx,102433
Denison Isd,1523,admin.denison.tx,4662
Denton Ind School District,54229,admin.denton.tx,54230
Denver City Ind Sch District,40290,admin.denvercity.tx,40291
Denver Public School Dist 1,75671,admin.denver.co,75672
Derby Unified School Dist 260,78049,admin.derby.ks,78050
Dermott School District,83604,admin.dermott.ar,83605
Derry Twp School District,71181,admin.derry.pa,71182
Desert Sands Unif School Dist,70413,admin.dsusd.ca,70414
Des Moines Municipal Sch Dist,80718,admin.desmoines.nm,80719
Desoto Co School District,62877,admin.desotocsd.ms,62878
Desoto Ind School District,47029,admin.desoto.tx,47030
DeSoto SD,4158,admin.desoto.mo,4663
Detroit Ind School District,49809,admin.detroit.tx,49810
Detroit Public Schools,13345,admin.detroit.mi,13346
Deuel School District 19-4,72881,admin.deuel.sd,72882
Devers Ind School District,59219,admin.devers.tx,59220
Devine Ind School District,54350,admin.devine.tx,54351
Dewey Public Schools,88802,admin.dewey.ok,88803
Deweyville Ind School District,56597,admin.deweyville.tx,56598
Dew Ind School District,58897,admin.dewisd.tx,58898
Dexter Consolidated,6298,admin.dexter.nm,6299
Dexter R-XI School District,85112,admin.dexter.mo,85113
Dexter Unified School Dist 471,79379,admin.dexter.ks,79380
D'hanis Ind School District,55829,admin.dhanis.tx,55830
"Diagnostic Center, Northern California",101857,admin.dcn-cde.ca,101858
Diamond Lake School District 76,24506,admin.diamondlake.il,24507
Diboll Ind School District,42889,admin.diboll.tx,42890
Dickinson 1 School District,86445,admin.dickinson.nd,86446
Dickinson Ind School District,41529,admin.dickinson.tx,41530
Dickson Public Schools,94430,admin.dickson.ok,94431
Dierks School District,83445,admin.dierks.ar,83446
Dietrich School District,85289,admin.dietrich.id,85290
Dighton-Rehoboth Regional School District,92189,admin.digtonrehoboth.ma,92190
Dighton Unified Sd 482,78725,admin.dighton.ks,78726
Dilley Ind School District,54719,admin.dilley.tx,54720
Dillon School District 10,62357,admin.dillon.mt,62358
Dime Box Ind School District,54672,admin.dimebox.tx,54673
Dimmitt Ind School District,43976,admin.dimmitt.tx,43977
Dinwiddie County Public Schools,24805,admin.dinwiddie.va,24806
Diocese Altoona-Johnstown,73468,admin.ajdiocese.pa,73469
Diocese Kansas City/st Joseph,71521,admin.kansascity.mo,71522
Diocese Of Allentown,1467,admin.dioceseallentown.pa,4664
Diocese Of Austin Ed Office,65610,admin.doa.tx,65611
Diocese Of Beaumont,21385,admin.dofbmt.tx,21386
Diocese Of Boise Education,85563,admin.dob.id,85564
Diocese of Brooklyn and Queens,14914,admin.dob.ny,14915
Diocese Of Dallas Ed Office,76655,admin.diocesedallas.tx,76656
Diocese Of Duluth Ed Office,69071,admin.dioceseduluth.mn,69072
Diocese Of El Paso Ed Office,76345,admin.dioceseelpaso.tx,76346
Diocese Of Fargo Ed Office,66005,admin.rcdof.nd,66006
Diocese Of Fort Worth Ed Off,72841,admin.dioceseftworth.tx,72842
Diocese Of Fresno Ed Office,91374,admin.fresnodiocese.ca,91375
Diocese Of Lafayette Ed,26612,admin.dioceselafayette.in,26613
Diocese Of Lafayette Ed Office,79840,admin.lafayette.in,79841
Diocese Of Orange Ed Off,90388,admin.dioceseorange.ca,90389
Diocese Of Orlando Ed Office,79162,admin.orlandodiocese.fl,79163
Diocese Of Springfield Ed Off,55613,admin.spingfielddiocese.il,
Diocese of St. Petersburg,25485,admin.dosp.fl,25486
Diocese Of Victoria Ed Office,79905,admin.diocesevictoria.tx,79906
Diocese Of Wichita Ed Office,71043,admin.diocesewichita.ks,71022
District of Columbia Public Schools,962,admin.dcps.dc,4661
District of Demo New Mexico,102393,admin.demonm.nm,102394
Distrito Mati Talent Institute Private School,92761,admin.mati.fl,92762
Distrito Mati Talent Institute Private School,92783,admin.mati.mx.inactive,92784
Divide Co School District 1,75598,admin.divide.nd,75599
Divide Independent School District,97240,admin.divide.tx,97258
Dodd City ISD,2436,admin.doddcity.tx,4665
Dodge City Unif Sch Dist 443,77828,admin.dodgecity.ks,77829
Doe Co,16665,admin.co,16666
DOE Reporting,67748,admin.ut,68154
DOE Reporting,73441,admin.odgen.ut,73442
DOE VA,15105,admin.va,29728
Dolton West School District 148,92463,admin.doltonwest.il,92464
Donna Ind School District,41789,admin.donna.tx,41790
Do not use,40001,admin.kelleydodson.tx,
Do not USE,96323,admin.rpt.us,96324
Dora Cons School District,80773,admin.dora.nm,80774
Doral Academy of Idaho,97460,admin.doralacademy.id,97448
Dorchester County School District 04,85947,admin.dorchester.sc,85948
Doss Consolidated Common Sd,71740,admin.doss.tx,71741
Dothan City School District,79312,admin.dothan.al,79313
Dougherty Co School District,29768,admin.ga,78294
Dougherty Co School District,73720,admin.dougherty.ga,73740
Douglas Co School Dist Re-1,72381,admin.douglas.co,72382
Douglas Co School District,58923,admin.douglascsd.ga,58924
Douglass Ind School District,49669,admin.douglass.tx,49689
Dover Public Schools,101227,admin.doverps.nj,101228
Dreamers Academy,99869,admin.dreamersacademy.fl,99870
Drew Central School District 5,83893,admin.drew.ar,83894
Dripping Springs Ind Sch Dist,45549,admin.drippingsprings.tx,45550
Driscoll Ind School District,43329,admin.driscoll.tx,43330
Dublin City School District,68511,admin.dublincity.ga,68512
Dublin Ind School District,53741,admin.dublin.tx,53742
Dulce Ind School District,80932,admin.dulce.nm,80933
Dumas Ind School District,47353,admin.dumas.tx,47354
Duncan Public Schools,86909,admin.duncan.ok,86910
Duncanville Isd,1503,admin.duncanville.tx,4666
Dundee Cmty School District,73380,admin.dundee.mi,73381
Dupage Co School Dist 45,65652,admin.dcsd.il,65653
Duplin Co School District,79234,admin.duplin.nc,79235
Durant Independent School District,13765,admin.durant.ok,13766
Durant Public School District,78490,admin.durant.ms,78491
Durham-Hillsboro-Lehigh Sd 410,81848,admin.usd410.ks,81849
Durham Public School District,29307,admin.durham.nc,29308
Duval Co Public School Dist,67881,admin.duval.fl,67882
Dyersburg City School District,79743,admin.dyersburg.tn,79744
Dysart Unified School Dist 89,85027,admin.dysart.az,85028
Eagle County School District 50-J,70153,admin.eagle.co,70154
Eagle Grove Community School District,23825,admin.eaglegrove.ia,23826
Eagle Mountain - Saginaw I S D,16686,admin.ems.tx,16687
Eagle Pass ISD,9570,admin.eaglepass.tx,9571
Eanes Ind School District,51949,admin.eanes.tx,51950
Early Co School District,81689,admin.early.ga,81690
Early Ind School District,48869,admin.early.tx,48870
East Allegheny School District,19354,admin.eastallegheny.pa,19355
East Baton Rouge Parish School System,19125,admin.ebrpss.la,19126
East Bernard Ind Sch Dist,47431,admin.eastbernard.tx,47432
East Brunswick Public School District,62238,admin.ebpsd.nj,62239
East Central Ind School Dist,40689,admin.eastcentral.tx,40690
East Chambers Ind Sch District,45450,admin.eastchambers.tx,45451
Eastern Allamakee Cmty Sd,81678,admin.allamakee.ia,81679
Eastern Cape Education (ECDOE),102462,admin.ecdoe.sa,102463
East Ft Worth Montessori Academy,57778,admin.efwma.tx,57779
East Greene Community School District,23527,admin.eastgreene.ia,23528
East Harlem Tutorial Program,37068,admin.ehtp.ny,37069
East Helena K-12 District,91260,admin.easthelena.mt,91261
East Jasper Consolidated School District,100432,admin.eastjasper.ms,100433
Eastland Ind School District,56837,admin.eastland.tx,56838
Easton Area School District,84004,admin.easton.pa,84005
Easton School District,90341,admin.easton.ct,90342
Easton Unified Sch Dist 449,79217,admin.easton.ks,79218
East Orange School District,89857,admin.eastorange.nj,89858
East Poinsett Co Sd 14,83633,admin.eastpoinsett.ar,83634
East Tallahatchie Consolidated School District,100168,admin.etsdk12.ms,100169
Eau Claire Area School District,96941,admin.ecasd.wi,96942
Ector County Isd,36501,admin.ector.tx,36502
Ector Ind School District,42929,admin.ectorfannin.tx,42930
Edcouch Elsa Ind Sch District,46649,admin.edcouchelsa.tx,46650
Eden Cons Ind School District,41609,admin.eden.tx,41610
Edenton-Chowan School District,83949,admin.edentonchowan.nc,83950
Edgecombe County Schools,88423,admin.edgecombe.nc,88424
Edgefield Co School District,67267,admin.edgefield.sc,67268
Edgewood Ind School District,41989,admin.edgewood.tx,41990
Edgewood Isd Of San Antonio,54989,admin.edgewoodisd.tx,54990
Edinburg Cisd,19356,admin.edinburg.tx,19357
Edison Learning,26576,admin.edison.co,26577
Edison School District 54,60896,admin.edisonsd54.co,60897
Edison Twp Public School Dist,82703,admin.edison.nj,82704
Edmond School District 12,82883,admin.edmond.ok,82884
Edmonds School District 15,86527,admin.edmonds.wa,86528
Edna ISD,18906,admin.edna.tx,18907
Educational Development Group,64777,admin.edg.pr,64778
Education Center International Academy,47362,admin.eciasunnyvale.tx,47363
Educator Site Testing,98559,admin.monitorverify.tx,98560
Effingham Co School District,61865,admin.guyton.ga,
Effingham Co Schools,69028,admin.effingham.ga,69029
Elba City Schools,93244,admin.elba.ms,93245
El Campo Isd,13086,admin.elcampo.tx,13087
El Dorado Public Schools,19358,admin.eldorado.ar,19359
Eleanor Kolitz Hebrew District level,89959,admin.ekhla.tx,89960
Electra Ind School District,66231,admin.electra.tx,66232
Elgin Isd,35227,admin.elgin.tx,35228
Elgin School District 18,82167,admin.elgin.ne,82168
Elgin School District U-46,74721,admin.elgin.il,74722
Elida Municipal School Dist,80384,admin.elida.nm,80385
Elizabeth City - Pasquotank Public Schools,80186,admin.ecpps.nc,80187
Elizabeth Public Schools,31727,admin.elizabeth.nj,31728
Elkhart Isd,19766,admin.elkhart.tx,19767
Elkhart Unified Sch Dist 218,78088,admin.elkhart.ks,78089
Elk Hills Elementary School District,96654,admin.elkhillsesd.ca,96655
Elkhorn Area School District,76711,admin.elkhorn.wi,76712
Elkin City Schools,88795,admin.elkincity.nc,88796
Elk Point-Jefferson Sd 61-7,76572,admin.elkpoint.sd,76573
Elk River Ind School Dist 728,74560,admin.elkriver.mn,74561
Elk Valley Unified Sd 283,84081,admin.elkvalley.ks,84082
Ellinwood Public Schools 355,99804,admin.ellinswood.ks,99805
Elliott County District,19360,admin.elliott.ky,19361
Elmore City-Pernell Schools,85994,admin.ecps.ok,85995
Elm River Twp School District,81277,admin.elmriver.mi,81278
Elmwood Local School District,90350,admin.elmwood.oh,90351
El Paso Independent School District,6059,admin.elpaso.tx,6060
El Paso Leadership Academy (District),93879,admin.epla.tx,93880
El Rancho Unified School Dist,78401,admin.erusd.ca,78402
El Reno School District 34,84894,admin.elreno.ok,84895
Ely Ind School District 696,79550,admin.ely.mn,79551
Elysian Fields Ind School Dist,39569,admin.elysianfields.tx,39570
Emery Co School District,76829,admin.emery.ut,76830
Emmett Ind School District 221,78494,admin.emmett.id,78495
Emporia Unified Sch Dist 253,78883,admin.emporia.ks,78884
Encinitas Usd,35947,admin.encinitas.ca,35948
England School District,68476,admin.england.ar,68477
Enid School District I-57,82332,admin.enid.ok,82333
Ennis Ind School District,43930,admin.ennis.tx,43931
Enterprise City Schools,91004,admin.enterprise.al,91024
Enterprise School District,100414,admin.enterprise.ms,100415
Era Ind School District,66024,admin.era.tx,66025
Erie Cons Sch Dist 101,81470,admin.erie.ks,81471
Escalon Unified School District,89868,admin.escalonusd.ca,89869
Escambia Co School District,68182,admin.escambia.al,68183
Escambia Co School District,70814,admin.escambia.fl,70815
Escanaba Area Public Schools,19362,admin.escanaba.mi,19363
Escondido Union Elem Sch Dist,77825,admin.escondido.ca,77826
Espanola Public School Dist 55,80869,admin.espanola.nm,80870
Essence Preparatory Public School,97498,admin.essencepreparatory.tx,97518
Essex County Public Schools,26948,admin.essex.va,26949
Estancia Municipal School Dist,80533,admin.estancia.nm,80534
Estreela Christian School,30507,admin.flprivate.fl,
Etoile Ind School District,73461,admin.etoile.tx,73462
Eudora Unified Sch Dist 491,79401,admin.eudora.ks,79402
Eufaula City Schools,92186,admin.eufaula.al,92187
Eufaula Public Schools,88992,admin.eufaula.ok,88993
Eugene School District 4j,75378,admin.eugene4j.or,75379
Eula Ind School District,40809,admin.eula.tx,40810
Eunice Public School Dist,80743,admin.eunice.nm,80744
Eureka Public Sch District 13,81604,admin.eureka.mt,81605
Eureka Unified Sch Dist 389,79182,admin.eureka.ks,79183
Eustace Isd,19364,admin.eustace.tx,19365
Evadale Ind School District,50555,admin.evadale.tx,50556
Evans Co School District,74875,admin.evans.ga,74876
Evanston Community Consolidated School District 65,86043,admin.evanston.il,86044
Evant Ind School District,66050,admin.evant.tx,66051
Evergreen Park Elementary School District 124,99638,admin.evergreenparkesd.il,99639
Evergreen School District,99359,admin.eesd.ca,99360
Evergreen School District 114,75337,admin.evergreen.wa,75348
Evergreen School District 50,79781,admin.evergreen.mt,79782
Everman Isd,5615,admin.everman.tx,5616
Excelsior Ind School District,45318,admin.excelsior.tx,45319
Explore Academy,94391,admin.explore.nm,94392
Explore Academy (District),101357,admin.academy.az,101358
Explore Academy Las Cruces (District),101847,admin.ealc.nm,101848
Explore Academy - Rio Rancho,98873,admin.exploreriorancho.nm,98874
Ezzell Ind School District,81337,admin.ezzell.tx,81338
Fabens Ind School District,38389,admin.fabens.tx,38390
Fairfax County Public Schools,19888,admin.fairfax.va,19889
Fairfield City School District,27707,admin.fairfield.al,27708
Fairfield Isd,20426,admin.fairfield.tx,20427
Fairfield Public Schools,84665,admin.fairfield.ct,84666
Fairfield-Suisun Unif Sch Dist,77491,admin.fsusd.ca,77492
Fairfield Unified Sd 310,79615,admin.fairfield.ks,79616
Faith Family Academy,56157,admin.ffa.tx,56158
Falcon 49 Schools,3760,admin.cosfalcon49.co.inactive,
Falcon School District 49,26571,admin.cosfalcon49.co,26572
Fallbrook Union Elementary School District,91733,admin.fuesd.ca,91734
Fall River School District,70773,admin.fallriver.ma,70774
Falls Church City Pub Sch Dist,68913,admin.fccps.va,68914
Falls City Ind School District,53309,admin.fallscity.tx,53310
Fannett-Metal School District,19366,admin.fannettmetal.pa,19367
Fannindel ISD,19368,admin.fannindel.tx,19369
Fanshawe Public School,98920,admin.fanshawe.ok,98921
Fargo School District 1,75376,admin.fargo.nd,75377
Farmersville Ind Sch District,45149,admin.farmersville.tx,45150
Farmington Mun School Dist 5,80702,admin.farmington.nm,80703
Farmington School District 6,83620,admin.farmington.ar,83621
Farrell Area School District,19370,admin.farrell.pa,19371
Farwell Ind School District,40342,admin.farwell.tx,40343
FasTracKids Korea,96099,admin.fastrackids.ko,96100
Fauquier Co School District,61597,admin.fauquier.va,61598
Fayette Co Public Schools,75350,admin.fayette.ky,75351
Fayette Co School District,52889,admin.fayette.tn,52890
Fenton Charter Schools,67666,admin.fentoncharter.ca,67682
Fergus County Schools,38489,admin.fergus.mt,38490
Ferris Isd,7725,admin.ferris.tx,7726
Filer School District 413,83053,admin.filer.id,83054
First Baptist Day School,83711,admin.firstbaptist.tx,83712
Firstline Schools,23965,admin.firstline.la,23966
Firth School District,85723,admin.firth.id,85724
Flagler County Public Schools,26968,admin.flagler.fl,26969
Flagstaff Unified Sch Dist 1,83187,admin.flagstaff.az,83188
Flasher School District 39,70012,admin.flasher.nd,70013
Flatonia ISD,19372,admin.flatonia.tx,19373
Flinthills Unif Sch Dist 492,78072,admin.flinthills.ks,78073
Florence City School District,73631,admin.florencecity.al,73632
Florence Ind School District,50830,admin.florence.tx,50831
Florence School District 1,67934,admin.florence1.sc,67935
Florence School District 2,68275,admin.florence2.sc,68276
Florence School District 3,67606,admin.florence3.sc,67607
Florence School District 4,67002,admin.florence4.sc,67003
Florence School District 5,68172,admin.florence5.sc,68173
Floresville Isd,23205,admin.floresville.tx,23206
Florida Private Schools,81161,admin.private.fl,81162
Florida Sandbox Demo,92100,admin.demofl.fl,92101
Florida Virtual School,87165,admin.floridavirtual.fl,87166
Flour Bluff Isd,19374,admin.flourbluff.tx,19375
Floydada Ind School District,45969,admin.floydada.tx,45970
Floyd Municipal School District,6075,admin.floyd.nm,6076
Follett Ind School District,73354,admin.follett.tx,73355
Folsom-Cordova Unified School District,92786,admin.fcusd.ca,92787
Fontana Unified School District,91618,admin.fontana.ca,91619
Fordyce School District 39,83663,admin.fordyce.ar,83664
Forest Area Community Schools,22566,admin.forestarea.mi,22567
Forestburg Ind School District,67824,admin.forestburg.tx,67825
Forest Hills Public Schools,96032,admin.foresthills.mi,96033
Forest Municipal School District,100321,admin.forestmunicipal.ms,100322
Forney Isd,12446,admin.forney.tx,12447
Forrest City School District,74289,admin.forestcity.ar,74290
Forrest County School District,100556,admin.forrest.ms,100557
Forsan Ind School District,64077,admin.forsan.tx,64078
Forsyth Co School District,78954,admin.forsyth.ga,78955
Fort Mill School District 4,66888,admin.fortmill.sc,66889
Fort Sam Houston Isd,22206,admin.ftsamhouston.tx,22207
Fouke School District 15,83896,admin.fouke.ar,83897
Fountain Lake School District,83774,admin.fountainlake.ar,83775
Fowler Unified School Dist 225,78729,admin.fowler.ks,78730
Framingham Public Schools,90376,admin.framingham.ma,90377
"Franklin Academy Foundation, Inc.",34187,admin.franklinacademy.fl,34188
Franklin City Public Schools,19306,admin.franklincity.va,19307
Franklin Co School District,66525,admin.franklinco.va,66526
Franklin Co School District,73894,admin.franklin.fl,73895
Franklin Co School District,76238,admin.franklin.tn,76239
Franklin County School District,100417,admin.franklin.ms,100418
Franklin County Schools,89052,admin.franklin.nc,89053
Franklin County Schools,91299,admin.franklin.al,91320
Franklin Isd,25925,admin.franklin.tx,25926
Franklin Special Sch District,79407,admin.fssd.tn,79408
Franklin Twp Cmty School Corp,77452,admin.franklin.in,77453
Frankston Ind School District,54789,admin.frankston.tx,54790
Frazer Sd 2 &amp; 2-B,37007,admin.frazer.mt,37008
Frederick County Public Schools,22525,admin.frederick.va,22526
Fredericksburg Ind School Dist,47939,admin.fredericksburg.tx,47940
Fredericksburg Public Sch Dist,45789,admin.fredericksburg.va,45790
Fredonia Unified Sch Dist 484,79275,admin.fredonia.ks,79276
Freeport Union Free School District,90450,admin.freeport.ny,90451
Freer Ind School District,68548,admin.freer.tx,68549
Fremont Co Joint Sch Dist 215,83812,admin.fremont.id,83813
Fremont Co School District 24,81931,admin.shoshoni.wy,81932
Fremont School District Re-2,78160,admin.fremont.co,78161
Fremont Unif School District,79292,admin.fremontusd.ca,79293
Frenship Ind School District,53769,admin.frenship.tx,53770
Fresno Unified School Dist,74840,admin.fresno.ca,74841
Friendswood Ind Sch Dist,55669,admin.friendswood.tx,55670
Friona Ind School District,52149,admin.friona.tx,52150
Frisco Isd,963,admin.frisco.tx,4667
Frontenac Unified Sch Dist 249,81299,admin.frontenac.ks,81300
Frost Ind School District,61851,admin.frost.tx,61852
Fruitland School District,85278,admin.fruitland.id,85279
Fruitvale Ind School District,44749,admin.fruitvale.tx,44750
Ft Bend Ind School District,62417,admin.ftbend.tx,62418
Ft Davis Ind School District,49749,admin.ftdavis.tx,49750
Ft Elliott Cons Ind Sch Dist,51871,admin.fecisd.tx,51872
Ft Hancock Ind School District,66077,admin.fthancock.tx,66078
Ft Payne City School District,68532,admin.ftpayne.al,68533
Ft Sage Unified Sch District,73403,admin.ftsage.ca,73404
Ft Scott Unified Sch Dist 234,83807,admin.ftscott.ks,83808
Ft Smith School District,83582,admin.ftsmith.ar,83583
Ft Stockton Ind School Dist,47469,admin.ftstockton.tx,47470
Ft Sumner Municipal Schools,80612,admin.ftsumner.nm,80613
Ft Totten School District 30,65732,admin.fttotten.nd,65733
Ft Worth Isd,207,admin.ftworth.tx,4668
Fullerton School District,77409,admin.fullerton.ca,77410
Fulton Co School District,61517,admin.fulton.ga,61518
Fundación Luker,97630,admin.luker.col,97645
Future Public School District,94235,admin.fbs.id,94236
"FUTURE PUBLIC SCHOOL, INC",92200,admin.fps.id,92201
Gadsden Co School District,82566,admin.gadsden.fl,82567
Gadsden Ind School District,80792,admin.gadsden.nm,80793
Gainesville Ind School Dist,58296,admin.gainesville.tx,58297
Galena Park Ind School Dist,43009,admin.galenapark.tx,43010
Galena School District R2,101527,admin.galena.mo,101528
Galena Unified Sch Dist 499,78260,admin.galena.ks,78261
Gallup Mckinley Co School Dist,80573,admin.mckinley.nm,80574
Galveston Ind School District,42514,admin.galveston.tx,42515
Ganado Ind School District,63927,admin.ganado.tx,63928
Garden City Unif Sch Dist 457,78255,admin.gardencity.ks,78256
Garden Valley Sd 71,83009,admin.gardenvalley.id,83010
Gardner-Edgerton Unif Sd 231,78265,admin.gardneredgerton.ks,78266
Garfield Co School District,84160,admin.garfield.ut,84161
Garfield Co School District 16,65017,admin.garfield.co,65018
Garfield Heights City Schools,10886,admin.garfieldheights.oh,10887
Garland Independent School District,2571,admin.garland.tx.inactive,
Garland Isd,6767,admin.garland.tx,6768
Garner ISD,21685,admin.garner.tx,21686
Garnett Unified Sch Dist 365,81799,admin.garnett.ks,81800
Garrison Ind School District,59039,admin.garrison.tx,59040
Garvey School District,89852,admin.garvey.ca,89853
Gary Ind School District,55969,admin.gary.tx,55970
Gaston County Schools,88544,admin.gaston.nc,88545
Gates County Schools,89191,admin.gates.nc,89192
Gatesville Ind Sch District,38850,admin.gatesville.tx,38851
Gateway Unified Sch District,75533,admin.gateway.ca,75534
Gause Ind School District,46589,admin.gause.tx,46590
Geary Co Unif Sch Dist 475,68796,admin.geary.ks,68797
Gem Innovation Schools,85287,admin.gis.id,85288
Genesee Joint School Dist 282,83056,admin.geneseejoint.id,83057
Genesee School District,91408,admin.genesee.mi,91409
Geneva Co School District,79442,admin.geneva.al,79443
Geneva Cusd 304,77548,admin.geneva.il,77549
Genoa Central School District,87263,admin.genoa.ar,87264
George County School District,100146,admin.georgeco.ms,100147
George ELC,102544,admin.georgeelc.ms,102545
George Gervin Academy (District),99842,admin.gervin.tx,99843
George Gervin Schools,26046,admin.georgegervin.tx,26047
Georgetown County School District,25745,admin.georgetown.sc,25746
Georgetown Isd,23725,admin.georgetown.tx,23726
George West Independent School District,93916,admin.georgewest.tx,93917
Gerber Union Elementary School District,99243,admin.gerberuesd.ca,99244
Gerome Momperousse Center for Education,97621,admin.geromemomperoussecenter.ny,97622
Gestalt Community Schools,69414,admin.gestalt.tn,69415
Gestault Community Schools,69397,admin.gestault.tn,
Gholson Ind School District,66266,admin.gholson.tx,66267
Giddings Ind School District,49050,admin.giddings.tx,49051
Gilbert Unified Sch Dist 41,82207,admin.gilbert.az,82208
Gilmer Ind School District,46429,admin.gilmer.tx,46430
Gilroy Unified School District,86223,admin.gusd.ca,86224
Girard Unified Sch Dist 248,79668,admin.girard.ks,79669
Girls &amp; Boys Prep Academy,66002,admin.gbpa.tx,66003
Girls Inc. of Metropolitan Dallas,77958,admin.girlsincdallas.tx,77959
Gladewater Ind School District,58936,admin.gladewater.tx,58937
Gladstone Area Schools,19376,admin.gladstone.mi,19377
Glascock Co School District,79849,admin.glascock.ga,79850
Glasscock Co School,57104,admin.gckats.tx,57105
Glencoe School District 35,90904,admin.glencoe.il,90905
Glendale Unified School Dist,76286,admin.glendale.ca,76287
Glenns Ferry Joint School District,85641,admin.gfjsd.id,85642
Glen Ridge School District,75372,admin.glenridge.nj,75373
Glen Rose Independent School District,3436,admin.glenrose.tx.inactive,
Glen Rose Ind School District,42009,admin.glenrose.tx,42010
Glen Rose School District,93259,admin.glenrose.ar,93260
Glen Ullin School District 48,47409,admin.glenullin.nd,47410
Global Preparatory Academy,94030,admin.globalprep.in,94031
Gloucester Twp School District,81187,admin.gloucester.nj,81188
Glynn Co School District,74805,admin.glynn.ga,74806
Goddard Demo Domain,91864,admin.goddarddemo.us,91865
Godley Isd,9151,admin.godley.tx,9152
Goessel Unified Sch Dist 411,80231,admin.goessel.ks,80232
Gold-Burg Ind School District,49548,admin.goldburgisd.tx,49569
Golden Plains Usd 316,80035,admin.usd316.ks,80036
Golden Rule Charter School,48130,admin.goldenrule.tx,48131
Goldthwaite Ind School Dist,58201,admin.goldthwaite.tx,58202
Gold Trail Union SD,12346,admin.goldtrailunion.ca,19378
Goliad Ind School District,46036,admin.goliad.tx,46037
Gonzales Ind School District,49536,admin.gonzales.tx,49537
Gonzales Unified School District,91451,admin.gonzales.ca,91452
Gooding Joint School Dist 231,84345,admin.gooding.id,84346
Goodland Unified Sch Dist 352,79531,admin.goodland.ks,79532
Goodrich Ind School District,74808,admin.goodrich.tx,74809
Goose Creek Cons Ind Sch Dist,54725,admin.goosecreek.tx,54726
Gordon Ind School District,66192,admin.gordon.tx,66193
Gorman Ind School District,50069,admin.gorman.tx,50070
Goshen Local School District,87048,admin.goshen.oh,87049
Grace Joint School District,85507,admin.gracejsd.id,85508
Grace Lutheran School District,101897,admin.gracelutheran.id,101898
Grady County Public School District,68789,admin.gradycounty.ga,68790
Grady County Schools,1821,admin.grady.ga.inactive,
Grady Ind School District,73750,admin.grady.tx,73751
Grady Municipal Sch District,80622,admin.grady.nm,80623
Graford Ind School District,50131,admin.graford.tx,50132
Graham County Schools,19379,admin.graham.nc,19380
Graham Ind School District,53570,admin.graham.tx,53571
Grainger Co School District,79260,admin.grainger.tn,79261
Granbury Isd,13186,admin.granbury.tx,13187
Granby Public Schools,92700,admin.granby.ma,92701
Grande Center for Education and Economic Opportuni,99367,admin.grandecenter.ca,99368
Grandfalls-Royalty Ind Sd,64097,admin.grisd.tx,64098
Grand Isle Supervisory Union,86849,admin.grandisle.vt,86850
Grand Ledge Public Schools,90809,admin.grandledge.mi,90810
Grand Prairie Ind Sch District,55372,admin.grandprairie.tx,55373
Grand Rapids Pub Sch Dist,74208,admin.grpsd.mi,74209
Grand Saline Ind School Dist,46895,admin.grandsaline.tx,46896
Grandview Ind School District,40335,admin.grandview.tx,40336
Granger Ind School District,44629,admin.granger.tx,44630
Granite School District,83276,admin.granite.ut,83277
Grant Public School District,84173,admin.grant.mi,84174
Grants-Cibola County Schools,7126,admin.grantscibola.nm,7127
Grants Pass Sd No. 7,19384,admin.grantspass.or,19385
Granville County Schools,88175,admin.granville.nc,88176
Grape Creek Isd,20285,admin.grapecreek.tx,20286
Grapeland Ind School District,46991,admin.grapeland.tx,46992
Grapevine-Colleyville Isd,10866,admin.gcisd.tx,10867
Grayson Co School District,75318,admin.grayson.ky,75319
Grayson County Public Schools,19111,admin.grayson.va,19112
Great Bend Unif Sch Dist 428,78031,admin.greatbend.ks,78032
Greater Albany Public Schools,94868,admin.greateralbany.or,94869
Greater Brunswick Charter School,90268,admin.brunswickcs.nj,90269
Great Falls Public Schools,34287,admin.greatfalls.mt,34288
Great Hearts Academy Texas,91847,admin.greathearts.tx,91848
Great Heights,91545,admin.greatheights.fl,91546
Great Oaks Legacy,94042,admin.gol.nj,94043
Greeley-Evans Weld County School District No. 6,85842,admin.gewc.co,85843
Green Bay Area Public Sch Dist,64297,admin.greenbay.wi,64298
Greene Co School District,74365,admin.greenecounty.ga,74366
Greene Co School District,76054,admin.greene.tn,76055
Greene County School District,100343,admin.greene.ms,100344
Greene County Schools,88099,admin.greenecounty.nc,88100
Greeneville City School Dist,79271,admin.greeneville.tn,79272
Green Forest School District,83574,admin.greenforest.ar,83575
Greenland School District 95,83675,admin.greenland.ar,83676
Greenville Ind School District,52029,admin.greenville.tx,52049
Greenville Public Schools,100308,admin.greenvilleps.ms,100309
Greenway Ind School Dist 316,73665,admin.greenway.mn,73666
Greenwood ISD,19386,admin.greenwood.tx,19387
Greenwood-Leflore Consolidated School District,100137,admin.glcsd.ms,100138
Greenwood Leflore ELC,102542,admin.glelc.ms,102543
Greenwood School District 50,67442,admin.greenwood50.sc,67443
Gregory Portland Independent School District,47969,admin.gpisd.tx,47970
Grenada ELC,102540,admin.grenadaelc.ms,102541
Grenada School District,100165,admin.grenada.ms,100166
Grenora School District 99,73347,admin.grenora.nd,73348
Griffin-Spalding Sd,1961,admin.griffin-spalding.ga,4669
Griffin Technology Academies,98334,admin.griffintech.ca,98335
Griffith Public Schools,99717,admin.griffith.in,99718
Groesbeck Ind School District,46953,admin.groesbeck.tx,46954
Groom Ind School District,75948,admin.groom.tx,75949
Grossmont Union High Sch Dist,68856,admin.grossmont.ca,68857
Groveton Ind School District,55789,admin.groveton.tx,55790
Grundy County School System,12825,admin.grundy.tn,12826
Gruver Ind School District,82270,admin.gruver.tx,82271
Guam Doe,37148,admin.gdoe.gu,37149
Guilford Co School District,63698,admin.gcsd.nc,63717
Gulfport School District,100569,admin.gulfport.ms,100570
Gunter Isd,19388,admin.gunter.tx,19389
Gustine Ind School District,67583,admin.gustine.tx,67584
Guthrie School District I-01,84105,admin.guthrie.ok,84106
Guymon Public Schools,93833,admin.guymon.ok,93834
Gwinnett Co Public School Dist,35108,admin.gwinnett.ga,35109
Habersham Co School District,78394,admin.habersham.ga,78395
Hacienda La Puente Unified School District,67732,admin.hlpusd.ca,67733
Hagerman Joint School District,85421,admin.hagerman.id,85422
Hagerman School District 5,80904,admin.hagerman.nm,80905
Hale Center Ind School Dist,64798,admin.halecenter.tx,64799
Halifax County Schools,88957,admin.halifax.nc,88958
Hall County Schools,26580,admin.hall.ga,26581
Hallettsville Ind Sch Dist,45369,admin.hallettsville.tx,45370
Halliday School District 19,53932,admin.halliday.nd,53933
Hallsburg Ind School District,57781,admin.hallsburgisd.tx,57782
Hallsville ISD,8365,admin.hallsville.tx,8366
Halstead-Bentley Usd 440,78258,admin.halsteadbentley.ks,78259
Hamblen Co Sch District,76005,admin.hamblen.tn,76006
Hamburg School District,83678,admin.hamburg.ar,83679
Hamilton Co School District,72283,admin.hamilton.fl,72284
Hamilton County Department Of Education,5735,admin.hamilton.tn,5736
Hamilton Ind School District,46929,admin.hamilton.tx,46930
Hamilton School District 3,62736,admin.hamilton.mt,62737
Hamlin Ind School District,61881,admin.hamlin.tx,61882
Hampshire Co School District,81348,admin.hampshire.wv,81349
Hampton City School District,58220,admin.hamptoncity.va,58221
Hampton Co School District 1,68443,admin.hampton1.sc,68444
Hampton Preparatory Chtr Sch,61418,admin.hamptonprep.tx,61419
Hamshire Fannett Ind Sch Dist,58318,admin.hfisd.tx,58319
Hancock Co School District,33608,admin.hancock.ky,33609
Hancock County School District,89433,admin.hancock.ms,89434
Hanford Elementary School District,92703,admin.hanford.ca,92704
Hanover Co Public Schools,58917,admin.hanovercps.va,58918
Hansen School District 415,84303,admin.hansen.id,84304
Happy Camp Union Elem Sch Dist,75392,admin.happycamp.ca,75393
Happy Ind School District,53649,admin.happy.tx,53650
Harborfields Ctl School Dist,77914,admin.harborfields.ny,77915
Hardeman County Schools,68011,admin.hardeman.tn,68012
Hardin Co School District,77029,admin.hardin.tn,77030
Hardin Elementary District,100267,admin.hardines.mt,100268
Harding County School District 31-1,88256,admin.harding.sd,88257
Hardin High School District,33707,admin.hardin.mt,33708
Hardin-Houston Local Sch Dist,84288,admin.hardinhouston.oh,84289
Hardin Isd,27371,admin.hardin.tx,27372
Hardin Jefferson Ind Sch Dist,40790,admin.hardinjefferson.tx,40791
Hardin Jefferson Ind Sch Dist,59538,admin.hardinjeffersonisd.tx,59539
Harford County Public Schools,4310,admin.harford.md,4670
Harlandale Ind School District,46100,admin.harlandale.tx,46101
Harlem School District 12,56031,admin.harlem.mt,56032
Harlem Unified School District 122,93183,admin.harlem122.il,93184
Harleton Ind School District,50035,admin.harleton.tx,50036
Harlingen Consolidated Isd,21362,admin.harlingen.tx,21363
Harlowton Elementary District,95489,admin.harlowton.mt,95490
Harmony Area School District,19390,admin.harmony.pa,19391
Harmony Grove School District,83682,admin.harmonygrove.ar,83683
Harmony Ind School District,46869,admin.harmony.tx,46870
Harmony Public School,86971,admin.harmony.ok,86972
Harmony Public Schools,48030,admin.hps.tx,48031
Harmony Science,55129,admin.harmonyscience.tx,55130
Harmony Union School District,68050,admin.harmony.ca,68051
Harnett County Schools,88479,admin.harnett.nc,88480
Harney Elementary School,83917,admin.harney.wa,83918
Harper Ind School District,50029,admin.harper.tx,50030
Harrisburg School Dist 41-2,70593,admin.harrisburg.sd,70594
Harrisonburg City Public Schools,97105,admin.harrisonburgcps.va,97106
Harrison County School District,100379,admin.harrison.ms,100380
Harrison Hills City School District,7506,admin.harrisonhills.oh,7507
Harrison School District 2,81581,admin.harrison.co,81582
Harrold Independent School District,95388,admin.harrold.tx,95389
Hartford Public School District,86904,admin.hartford.ct,86905
Hartford Public School District,90048,admin.hartford.mi,90049
Hart Ind School District,65744,admin.hart.tx,65745
Hartley Ind School District,73657,admin.hartley.tx,73658
Harts Bluff Ind School Dist,40573,admin.hartsbluff.tx,40574
Haskell CISD,19392,admin.haskell.tx,19393
Hatch Valley Public Sch Dist,80564,admin.hatchvalley.nm,80565
Hattiesburg ELC,102538,admin.hattiesburgelc.ms,102539
Hattiesburg Public School District,100300,admin.hattiesburgps.ms,100301
Haven Unified Sch Dist 312,78813,admin.haven.ks,78814
Haviland Unified Sch Dist 474,84018,admin.haviland.ks,84019
Havre Public Schools,32488,admin.havre.mt,32489
Hawaii School District,84596,admin.hsd.hi,84597
Hawkins Ind School District,51649,admin.hawkins.tx,51650
Hawley Ind School District,52070,admin.hawley.tx,52071
Hawthorn School District 73,24566,admin.hawthorn.il,24567
Hayden Canyon,91547,admin.haydencanyon.id,91548
Hays Consolidated Independent School District,2851,admin.hayscisd.tx,4671
Hays-Lodge Pole Sch Dist 50,67695,admin.hlp.mt,67696
Hays Unified School Dist 489,81086,admin.hays489.ks,81087
Hayti R-Ii School District,19578,admin.hayti.mo,19579
Hayward Unified School Dist,73599,admin.hayward.ca,73640
Haywood Co School District,70152,admin.haywood.tn,70134
Haywood County Schools,87751,admin.haywoodcounty.nc,87752
Hazen School District,83899,admin.hazen.ar,83900
Hazlehurst City School District,100348,admin.hazlehurst.ms,100349
Hazlet Township School District,91687,admin.hazlet.nj,91688
Head Start & Community Partners,74044,admin.headstart.tn,74045
Head Start of Greater Dallas,68775,admin.jpcc.tx,69094
Head Start of Greater Dallas,68811,admin.hsgd.tx,68812
Healy Unified School Dist 468,80547,admin.healy.ks,80548
Hearne Ind School District,39672,admin.hearne.tx,39673
Heart Butte School District 1,56034,admin.heartbutte.mt,67698
Heber Elem School District,81548,admin.heber.ca,81550
Hebron School District 13,59223,admin.hebron.nd,59224
Hector School District 59,84785,admin.hector59.ar,84786
Hedley Ind School District,45325,admin.hedley.tx,45326
Helena School District 1,56004,admin.helena.mt,56005
Helena-West Helena Sch Dist,83685,admin.helenawest.ar,83686
Hemet Unified School District,92505,admin.hemet.ca,92506
Hemphill Ind School District,56356,admin.hemphill.tx,56357
Hempstead Ind School District,63903,admin.hempstead.tx,63904
Hempstead Union Free Sd,82386,admin.hempstead.ny,82387
Henderson Co School District,77018,admin.henderson.tn,77019
Henderson County Public Schools,88105,admin.henderson.nc,88106
Henderson County Schools,96487,admin.henderson.ky,96488
Henderson Ind School District,42669,admin.henderson.tx,42670
Henrico County Public Schools,14886,admin.henrico.va,14887
Henrietta Ind School District,46392,admin.henrietta.tx,46393
Henry County Schools,14151,admin.henry.ga,14152
Hereford Ind School District,47489,admin.hereford.tx,47490
Heritage Academy,91665,admin.heritageacademy.tx,91666
Hermitage School District,90616,admin.hermitage.pa,90617
Hermitage School District 12,83727,admin.hermitage.ar,83728
Hermleigh Ind School District,43694,admin.hermleigh.tx,43695
Hernando Co School District,75572,admin.hernando.fl,75573
Hertford County Schools,87792,admin.hertford.nc,87793
Hesston Unified Sch Dist 460,77731,admin.hesston.ks,77732
Hettinger School District 13,66484,admin.hsd13.nd,
Hettinger School District 13,66485,admin.hettinger.nd,66486
Hiawatha Unified Sch Dist 415,77751,admin.hiawatha.ks,77752
Hickory City Schools,89184,admin.hickory.nc,89185
Hico Ind School District,71040,admin.hico.tx,71041
Hidalgo Ind School District,50562,admin.hidalgo.tx,50563
Higgins Ind School District,61874,admin.higgins.tx,61875
Higgs Carter King Charter Academy,68331,admin.higgscarterking.tx,68332
High Island Ind Sch Dist,63923,admin.highisland.tx,63924
Highland Ind School District,39772,admin.highland.tx,39773
Highland Joint School Dist 305,75612,admin.highland305.id,75613
Highland Park Ind Sch Dist,54530,admin.highlandparkdallas.tx,54531
Highland Park Ind School Dist,52449,admin.highlandpark.tx,52450
Highline Public Schools,85566,admin.highline.wa,85567
Hillcrest School District,83902,admin.hillcrest.ar,83903
Hilldale Public Schools,96495,admin.hilldale.ok,96496
Hillsboro Isd,20545,admin.hillsboro.tx,20546
Hillsboro School District 1j,78372,admin.hillsboro.or,78373
Hillside School District,73477,admin.hillside.nj,73478
Hinckley-Big Rock Cusd #429,15765,admin.hinckley.il,15766
Hinds County School District,100278,admin.hindscounty.ms,100279
Hi-Plains School Dist R-23,79740,admin.hiplains.co,79741
Hispanic Human Resources Council,4566,admin.hhrc.fl,4672
Hitchcock Ind School District,53009,admin.hitchcock.tx,53010
Hobbs Municipal Sch Dist,79464,admin.hobbs.nm,79465
Hodgeman Co Schools,78735,admin.hodgeman.ks,78736
Hoehne Reorganized School District No. 3,85836,admin.hoehne.co,85837
Hoke County Schools,87761,admin.hokecounty.nc,87762
Holcomb Unif Sch Dist 363,80202,admin.usd363.ks,80203
Hollandale ELC,102536,admin.hollandaleelc.ms,102537
Hollandale School District,100161,admin.hollandale.ms,100162
Holland Ind School District,65932,admin.holland.tx,65933
Holliday Ind School District,43889,admin.holliday.tx,43890
Hollis Public Schools,99653,admin.hollis.ok,99654
Hollister School District,89297,admin.hesd.ca,89298
Holly Springs ELC,102534,admin.hollyspringselc.ms,102535
Holly Springs School District,100368,admin.hollysprings.ms,100369
Holmes County Consolidated School District,100174,admin.holmesccsd.ms,100175
Holmes ELC,102532,admin.holmeselc.ms,102533
Holton Unified School Dist 336,80129,admin.usd336.ks,80130
Holyoke Public Schools,89900,admin.holyoke.ma,89901
Homedale Joint School Dist 370,78472,admin.homedale.id,78473
Hondo Ind School District,49671,admin.hondo.tx,49672
Hondo Valley Public Schools,80851,admin.hvps.nm,80852
Honey Grove Ind Sch District,39494,admin.honeygrove.tx,39495
Honolulu School District,34367,admin.honolulu.hi,34368
Honors Academy,46855,admin.honorsacademy.tx,46856
Hood Canal School District,90444,admin.hoodcanal.wa,90445
Hooks Ind School District,50054,admin.hooks.tx,50055
Hoover City School District,78830,admin.hoover.al,78831
Hopewell-Loudon Local School District,90324,admin.hllsd.oh,90325
Hopewell Public Schools,27278,admin.hopewell.va,27279
Hopkins Public School District,99023,admin.hopkinspsd.mn,99024
Horatio School District 55,83955,admin.horatio.ar,83956
Horizon Academy-West District,94889,admin.hawest.nm,94890
Hornell City School District,5218,admin.hornell.ny,5219
Horry Co School District,68059,admin.horry.sc,68060
Horseshoe Bend School District,85360,admin.horseshoebend.id,85361
House School District 50,80817,admin.house.nm,80818
Houston County Schools,82602,admin.houstonco.ga,82603
Houston Gateway Academy,84574,admin.houstongateway.tx,84575
Houston Isd,184,admin.houston.tx,4674
Howe Isd,27028,admin.howe.tx,27029
Hubbard Ind School District,42250,admin.hubbard.tx,42251
Hubbard Isd,65558,admin.hubbardisd.tx,65559
Huber Heights City Schools,96445,admin.huberheights.oh,96446
Huckabay Ind School District,67563,admin.huckabay.tx,67564
Hudson Isd,14085,admin.hudson.tx,14086
Hudson Public Schools,92942,admin.hudson.ma,92943
Huerfano School District Re-1,52650,admin.huerfano.co,52651
Huffman Isd,18566,admin.huffman.tx,18567
Hughes Springs Ind Sch Dist,43981,admin.hughessprings.tx,43982
Hulbert Public Schools,93933,admin.hulbert.ok,93934
Hull Daisetta Ind School District,33807,admin.hulldaisetta.tx,33808
Human Resource Development Council,34468,admin.hrdc.mt,34469
Humble Ind School District,54510,admin.humble.tx,54511
Humboldt Unif Sch Dist 258,78853,admin.humboldt.ks,78854
Humphreys County School District,100202,admin.humphreys.ms,100203
Hunt Ind School District,40630,admin.hunt.tx,40631
Huntingdon Special School Dist,74363,admin.huntingdon.tn,74364
Huntington Ind School District,54492,admin.huntington.tx,54493
Huntley Project School Dist 24,67054,admin.huntley.mt,67055
Huntsville City Schools,2673,admin.huntsville.al,4675
Huntsville Ind School Dist,44713,admin.huntsville.tx,44714
Huntsville School District 1,83606,admin.huntsville.ar,83607
Hurst Euless Bedford Isd,5335,admin.heb.tx,5336
Hutto Isd,14806,admin.hutto.tx,14807
Hyde County Schools,88595,admin.hyde.nc,88596
Icef Vista Academy,35908,admin.icefvista.ca,70432
Idabel Public Schools,93256,admin.idabel.ok,93257
Idaho Arts Charter School,91700,admin.iacs.id,91701
Idaho Bureau of Education Services for the Deaf an,92204,admin.iesdb.id,92205
Idaho Charter Schools,81479,admin.cs.id,81480
Idaho Dept Of Education,71225,admin.nampa.id,71226
Idaho Dept Of Education,80133,admin.international.id,80134
Idaho Dept Of Education,83020,admin.idcs.id,83021
Idaho Digital Learning Alliance,96355,admin.idla.id,96356
Idaho Falls School District 91,85143,admin.ifsd.id,85144
Idaho State Department of Education,82970,admin.sde.id,82971
Idaho Virtual Academy Inc,92202,admin.idahova.id,92203
Idaho Virtual High School Inc,92248,admin.mckenna.id,92249
Idalou Ind School District,54793,admin.idalou.tx,54794
Idea Public Schools,17705,admin.idea.tx,17706
Iditarod Area School District,80325,admin.iditarod.ak,80326
Image Schools,26573,admin.cs.co,
Imagine Schools,58136,admin.imagineschools.fl,59137
Immanuel Lutheran School,90085,admin.immanuel.id,90086
Impact Global Prep Charter School - District Level,102117,admin.igp.ms,102118
Imperial County Office Of Education,19435,admin.icoe.ca,19436
Inactive-Norwalk La Mirada Unified School District,75089,admin.nlmusd.ca.inactive,75090
Independence Charter School District Level,89808,admin.indcs.pa,89809
Independence Charter School West,90099,admin.independence.pa,90100
Independence Local School Dist,75322,admin.independence.oh,75323
Independence Unified Sd 446,79256,admin.independence.ks,79257
Indiana Department of Education,94027,admin.indoe.in,94028
Indianapolis Public Schools,27728,admin.indianapolis.in,27729
Individual Accounts in Texas,58416,admin.home.tx,58417
Industrial Isd,9606,admin.industrial.tx,9607
Ingalls Unified Sch Dist 477,78691,admin.ingalls.ks,78733
Ingleside Ind School District,39050,admin.ingleside.tx,39051
Inglewood Unified School District,69213,admin.inglewoodusd.ca,69214
Ingram ISD,19437,admin.ingram.tx,19438
Inman Unified School Dist 448,78230,admin.inman.ks,78231
Inner City Education Foundation,31828,admin.icefps.ca,31829
Inner City Education Foundation-LAUSD,66477,admin.icef.ca,66478
Innovative School District,89740,admin.isd.nc,89741
Inspired Vision,21166,admin.rffa.tx,
Inspired Vision Academy,54011,admin.inspiredvisionaca.tx,
Inspired Vision Academy Middle High School,21428,admin.inspiredvision.tx,21429
Internal Demo,92183,admin.internaldemo.tx,92184
Internal use only - Resellers,6055,admin.istation,
International Leadership Of Texas,67988,admin.iltexas.tx,67989
International School of Denver,89755,admin.isdenver.co,89756
International Spanish Language Academy,91564,admin.isla.mn,
International Spanish Language Academy,91565,admin.islaacademy.mn,91566
Intrinsic 2 Charter High School - Downtown Campus,99625,admin.Intrinsic.il,99626
Intrinsic 2 Charter High School - Downtown Campus,99629,admin.intrinsic.il,99630
Iola Ind School District,58119,admin.iola.tx,58120
Iola Unified School Dist 257,82342,admin.iola.ks,82343
Iowa Park Consolidated Ind Sd,57536,admin.ipcisd.tx,57537
Iraan-Sheffield Ind Sch Dist,61302,admin.iraansheffield.tx,61303
Ira Ind School District,43069,admin.ira.tx,43070
Iredell Ind School District,43071,admin.iredell.tx,43072
Iredell-Statesville Sch Dist,76618,admin.iredellstatesville.nc,76619
Irion Co Ind School District,60056,admin.irioncisd.tx,60057
Iron County School District,92500,admin.iron.ut,92501
Irvine Unif School District,70977,admin.irvine.ca,70978
Irving Isd,18326,admin.irving.tx,18327
Irwin Co School District,65666,admin.irwin.ga,65667
Istation Demo District,96348,admin.demo.us,96349
Istation Demo District Level,91595,admin.istation.demo,91596
Istation Demo School District,17908,admin.rptdemo,64437
Istation Support Demo District,91916,admin.imagine.demo,91917
Istation Team District,90582,admin.iae.tx,90583
Istation Training Accounts,11805,admin.training,11806
Italy Ind School District,51109,admin.italy.tx,51110
Itasca Ind School District,57716,admin.itasca.tx,57717
Itawamba County School District,100130,admin.itawamba.ms,100131
Izard Co Cons School Dist 1,83361,admin.izard.ar,83362
Jacksboro Ind Sch Dist,39649,admin.jacksboro.tx,39650
Jackson Co School District,75900,admin.jackson.fl,75901
Jackson Co School District,81608,admin.jackson.ga,81609
Jackson County School District,100179,admin.jacksonco.ms,100180
Jackson County Schools,88812,admin.jackson.nc,88813
Jackson-Hinds ELC,102530,admin.jacksonelc.ms,102531
Jackson Public School District,100456,admin.jackson.ms,100457
Jackson State University,13467,admin.jsu.ms,13468
Jacksonville Ind School Dist,52189,admin.jacksonville.tx,52190
Jal School District,80843,admin.jal.nm,80844
Janesville Union Sch District,61782,admin.janesville.ca,61783
Jarrell Isd,19439,admin.jarrell.tx,19440
Jasper Co School District,69035,admin.jasper.sc,69036
Jasper Isd,25126,admin.jasper.tx,25127
Jasper Public School District,83334,admin.jasper.ar,83335
Jayhawk Unified Sch Dist 346,79678,admin.jayhawk.ks,79679
Jayton-Girard Ind Sch District,39529,admin.jaytongirard.tx,39530
Jean Massieu Acad,59517,admin.jeanmassieu.tx,59497
Jeff Davis Co School District,72461,admin.davis.ga,72462
Jefferson City Schools,80001,admin.jeffersoncity.ga,80002
Jefferson Co North Usd 339,79211,admin.jefferson.ks,79212
Jefferson Co School Dist R-1,82202,admin.jefferson.co,82203
Jefferson Co School District,72920,admin.jefferson.fl,72921
Jefferson Co School District,75946,admin.jefferson.tn,75947
Jefferson County ELC,102528,admin.jeffersonelc.ms,102529
Jefferson County Public Schools,21128,admin.jefferson.ky,21129
Jefferson County School District,100493,admin.jefferson.ms,100494
Jefferson Davis County School District,100446,admin.jeffersondavis.ms,100447
Jefferson Davis Parish Sd,74926,admin.jeffersondavis.la,74927
Jefferson Institute,3141,admin.ji.tx,4676
Jefferson I S D,9386,admin.jefferson.tx,19707
Jefferson Joint Sd 251,76179,admin.jeffersonjoint.id,76180
Jefferson Local School District,19441,admin.jefferson.oh,19442
Jefferson Parish Pub Sch Dist,84325,admin.jefferson.la,84326
Jefferson West Unified Sd 340,79607,admin.usd340.ks,79608
Jemez Mountain School District,80957,admin.jemezmt.nm,80958
Jemez Valley Public Sch Dist,80967,admin.jemezvalley.nm,80968
Jenks Public Schools,90432,admin.jenksps.ok,90433
Jennings County School Corporation,14325,admin.jcsc.in,14326
Jerome Joint School Dist 261,81487,admin.jeromejoint.id,81488
Jersey City Public School Dist,74034,admin.jerseycity.nj,74035
Jersey Community School District 100,27282,admin.jerseycmty.il,27283
Jim Hogg Co Ind Sch District,50310,admin.jhcisd.tx,50311
Jim Ned Cons Ind Sch District,59501,admin.jimnedcisd.tx,59502
Jim Thorpe Area School Dist,79974,admin.thorpe.pa,79975
Joaquin Ind School District,38869,admin.joaquin.tx,38870
Johnson City Ind Sch District,53949,admin.johnsoncity.tx,53950
Johnson City School District,79158,admin.johnsoncity.tn,79159
Johnson Co School District,68521,admin.johnsoncounty.ga,68522
Johnston City Cmty Unit Sd 1,60596,admin.jccusd.il,60597
Johnston County Schools,87773,admin.johnstoncounty.nc,87774
Johnstonville Elem Sch Dist,39134,admin.johnstonville.ca,39135
Jonathan Alder Local Sch Dist,60797,admin.alderlsd.oh,60798
Jonesboro Ind School District,60736,admin.jonesboro.tx,60737
Jones County School District,93140,admin.jonescounty.ms,93141
Jones County Schools,87972,admin.jonescounty.nc,87973
Joplin Schools,84058,admin.joplin.mo,84059
Jordan Elbridge Ctl Sch Dist,74139,admin.jordanelbridge.ny,74140
Jordan School District,92580,admin.jordan.ut,92581
Joshua Group,24238,admin.joshuagroup.pa,24239
Joshua ISD,48750,admin.joshua.tx,48751
Jourdanton Ind School District,44229,admin.jourdanton.tx,44230
J Paul Taylor Academy,91780,admin.jpaultaylor.nm,91781
"Jubilee Academic Center, Inc.",58418,admin.jac.tx,58419
Judson Isd,33468,admin.judson.tx,33469
Julesburg School District No. Re1,96948,admin.julesburgsd.co,96949
Junction Ind School District,61459,admin.junctionisd.tx,61460
Juniper Tree Academy,26567,admin.junipertree.az,26568
Jurupa Unified School District,82307,admin.jurupa.ca,82308
Kalamazoo Country Day,102467,admin.kalamazoocountryday.mi,102468
Kalamazoo Public School Dist,79831,admin.kalamazoo.mi,79832
Kalispell Public Schools,35667,admin.kalispell.mt,35668
Kamiah Joint School District # 304,85534,admin.kamiah.id,85535
Kanawha Co School District,83830,admin.kanawha.wv,83831
Kankakee School District 111,85638,admin.kankakee.il,85639
Kankakee Valley Sch District,70633,admin.kankakee.in,70652
Kannapolis City Schools,88456,admin.kannapolis.nc,88457
Kansas City 33 School District,86084,admin.kcpsd.mo,86085
Kansas City International Academy (District),102385,admin.kansascityinternational.mo,102386
Kansas City Public Sd 500,81838,admin.kansascity.ks,81839
Kapaa-Kauai-Waimea School Dist,84353,admin.kkwsd.hi,84354
Karnack Isd,19445,admin.karnack.tx,19446
Karnes City Ind Sch District,56456,admin.karnescity.tx,56457
Karval School District No. Re 23,86232,admin.karval.co,86233
Katy ISD,4047,admin.katy.tx,4677
Kaufman Ind School District,58996,admin.kaufman.tx,58997
Kaw Valley Unified Sd 321,77991,admin.kawvalley.ks,77992
Keene Isd,19447,admin.keene.tx,19448
Keller Isd,5598,admin.keller.tx,5599
Kellogg Joint School Dist 391,83059,admin.kellogg.id,83060
Kelseyville Unified School District,98884,admin.kvusd.ca,98885
Kelton Ind School District,41129,admin.kelton.tx,41130
Kemper County School District,100197,admin.kemper.ms,100198
Kemp Ind School District,40878,admin.kemp.tx,40879
Kenai Peninsula Borough Sd,84202,admin.kpbsd.ak,84203
Kendrick Joint District,85334,admin.kendrickjoint.id,85335
Kenedy Co Wide Common Sch Dist,52929,admin.kcwcsd.tx,52930
Kenedy Ind School District,48591,admin.kenedy.tx,48592
Kenilworth District No. 38,20346,admin.kenilworth.il,20347
Kennard Ind Sch Dist,53589,admin.kennard.tx,53590
Kennedale Ind School District,55913,admin.kennedale.tx,55914
Kennett School District #39,9373,admin.kennett.mo,9374
Kenosha Unified School District,92903,admin.kenosha.wi,92904
Kerens Isd,19449,admin.kerens.tx,19450
Kermit Isd,19451,admin.kermit.tx,19452
Kerrville Ind School District,46529,admin.kerrville.tx,46530
Kershaw Co School District,67060,admin.kershaw.sc,67061
Keystone Oaks School District,9154,admin.keystoneoaks.pa,9155
Kiel Area School District,98746,admin.kielsd.wi,98747
Kildeer Countryside Ccsd 96,81667,admin.kildeer.il,81668
Kilgore Ind School District,44573,admin.kilgore.tx,44574
Killdeer Public School,28468,admin.killdeer.nd,28469
Killeen Ind School District,54109,admin.killeen.tx,54110
Kimberly School District 414,82958,admin.kimberly.id,82959
King &amp; Queens County Public Schools,19894,admin.kqps.va,19895
King City Union Elementary School District,90057,admin.kcusd.ca,90058
Kingfisher Public Schools,95391,admin.kingfisher.ok,95392
Kingman Unified School Dist 20,81542,admin.kingmanusd20.az,81543
Kings Academy Christian School Inc,97345,admin.kingsacademy.tx,97346
Kingsville Ind School District,47829,admin.kingsville.tx,47830
Kinsey School District 63,73301,admin.kinsey.mt,73302
Kinsley-Offerle Usd 347,79173,admin.kinsleyofferle.ks,79174
Kiona-Benton City Sch Dist 52,75547,admin.kionabenton.wa,75548
Kiowa School District No. C-2,85846,admin.kiowa.co,85847
Kipp Austin Public Schools,28028,admin.kippaustin.tx,28029
Kipp California,19453,admin.kipp.ca,19454
Kipp Charter Schools Of Texas,15866,admin.kipp.tx,66284
Kipp Chicago,32387,admin.kipp.il,32388
KIPP Colorado Schools,86541,admin.kipp.co,86542
Kipp Dc,27468,admin.kipp.dc,27469
KIPP DFW,76994,admin.kippdfw.tx,76995
KIPP Houston Schools,77454,admin.kipphouston.tx,77455
Kipp Impact Academy,102680,admin.kippimpact.fl,102681
Kipp Kansas City,51150,admin.kipp.mo,51151
KIPP Memphis,37567,admin.kippmemphis.tn,37568
KIPP Minnesota,86558,admin.kipp.mn,86559
Kipp New Jersey (team Charter Schools),38009,admin.kipp.nj,38053
Kipp New Orleans,36868,admin.kippneworleans.la,36869
Kipp Nyc,32368,admin.kipp.ny,32369
KIPP Pennsylvania,68490,admin.kipp.pa,68491
KIPP San Antonio,76788,admin.kippsa.tx,76789
Kirbyville Csd,33568,admin.kirbyville.tx,33569
Kirbyville School District R6,32687,admin.kirbyville.mo,32688
Kircher School District 3,58076,admin.ksd.mt,58077
Kismet-Plains Unified Sd 483,78739,admin.kismetplains.ks,78740
Klein Isd,1302,admin.klein.tx,4678
Klondike Ind School District,47930,admin.klondikeisd.tx,47931
Knippa Ind School District,44889,admin.knippa.tx,44890
Knox City-O'brien Cons Ind Sd,66205,admin.knoxcity.tx,66206
Knox County Public Schools,19580,admin.knox.tn,19581
Kodiak Island Borough School Dist,79383,admin.kibsd.ak,79384
Kootenai Classical Academy (District),102404,admin.kootenaica.id,102405
Kootenai School District 274,75640,admin.kootenai.id,75641
Kopperl Ind School District,44270,admin.kopperl.tx,44271
Kosciusko ELC,102526,admin.kosciuskoelc.ms,102527
Kosciusko School District,100230,admin.kosciusko.ms,100231
Kountze Isd,27377,admin.kountze.tx,27378
Kress Ind School District,61869,admin.kress.tx,61870
Krum Ind School District,62856,admin.krum.tx,62857
Kuna Joint School District 3,84633,admin.kunajoint.id,84634
La Academia De Estrellas Charter Schools,98856,admin.estrellas.tx,98857
Labette Co Unif Sch Dist 506,79053,admin.labette.ks,79054
Lackland Ind School Dist,40849,admin.lackland.tx,40850
Lacrosse Unified School District 395,85853,admin.lacrosse.ks,85854
Ladmark Academy - Admin,98963,admin.landmark.mi,98964
Lafayette Co School District,79959,admin.lafayette.fl,79960
Lafayette County School Dist,83637,admin.lafayette.ar,83638
Lafayette County School District,100158,admin.lafayette.ms,100159
Lafayette Oxford ELC,102524,admin.lafayetteoxelc.ms,102525
Lafayette Parish School Board,90974,admin.lafayette.la,90984
La Fe Prep (District),101377,admin.lafeprep.tx,101378
La Feria Ind School District,56151,admin.laferia.tx,56152
Lago Vista Ind School District,49582,admin.lagovista.tx,49583
La Grange Ind School District,53215,admin.lagrange.tx,53216
La Habra City Elementary School District,86127,admin.lahabraesd.ca,86128
La Joya Independent School District,94178,admin.lajoya.tx,94179
La Joya Isd,11426,admin.lajoya.tx.inactive,19705
La Joya ISD Summer School,96590,admin.ljsummer.tx,96591
Lake Arthur School District 20,80854,admin.lakearthur.nm,80855
Lake Co School District,72580,admin.lake.fl,72581
Lake Co School District 7,68557,admin.lakeview.or,68558
Lake Dallas Ind School Dist,46041,admin.lakedallas.tx,46042
Lake Hamilton School District,91443,admin.lakehamilton.ar,91444
Lakeland Catholic School Division,102446,admin.lakekandcatholic.ca,102447
Lakeland Joint School Dist 272,83094,admin.lakeland.id,83095
Lakeland School System,72440,admin.lakeland.tn,72441
Lake Pend Oreille District,85258,admin.lakependoreille.id,85259
Lake Station Community Schools,15745,admin.lakestation.in,15746
Lake Travis Ind School Dist,43169,admin.laketravis.tx,43170
Lakeville Ind School Dist 194,75240,admin.lakeville.mn,75241
Lake Wales Charter Schools,4354,admin.lakewales.fl,4679
Lakewood Public Schools,70553,admin.lakewood.nj,70554
Lake Worth Ind School District,46832,admin.lakeworth.tx,46833
Lakin Unified Sch Dist 215,78871,admin.lakin.ks,78872
Lamar Cons Ind School District,47290,admin.lamarcisd.tx,47291
Lamar County School District,100396,admin.lamar.ms,100397
Lamar ELC,102522,admin.lamarelc.ms,102523
La Marque Isd,25345,admin.lamarque.tx,25346
Lamar University,22026,admin.lu.tx,22027
Lame Deer Pub Sch Dist 6,55590,admin.lamedeer.mt,55591
Lamesa ISD,19455,admin.lamesa.tx,19456
Lamoille North Supervisory Union,90656,admin.hydepark.vt,90657
Lamoille North Supervisory Union,90797,admin.cambridge.vt,90798
Lamont Elementary School District,92156,admin.lamont.ca,92157
Lampasas Ind School District,63901,admin.lampasas.tx,63902
Lancaster Co School District,67761,admin.lancaster.sc,67762
Lancaster County Public Schools,24585,admin.lancaster.va,24586
Lancaster Elem School Dist,79391,admin.lancaster.ca,79392
Lancaster Isd,1858,admin.lancaster.tx,4680
Lane Elementary Sch Dist 22,82783,admin.lane.ok,82785
Lanesville Community School Corporation,94007,admin.lanesville.in,94008
Lanett City Schools,93288,admin.lanett.al,93289
Laneville Ind School District,54769,admin.laneville.tx,54770
Lanier Co School District,81845,admin.lanier.ga,81846
Lansing Unified Sch Dist 469,79923,admin.usd469.ks,79924
La Porte ISD,8446,admin.laporte.tx,8447
La Poynor Ind School District,53929,admin.lapoynorisd.tx,53930
La Pryor Ind School District,46549,admin.lapryor.tx,46550
Lapwai School District 341,77456,admin.lapwai.id,77457
Laramie Co School District 1,78811,admin.laramie.wy,78812
Laredo Ind School District,49713,admin.laredo.tx,49714
Lasara Ind School District,51273,admin.lasara.tx,51274
Las Cruces Public Schools,72100,admin.lcps.nm,72101
Las Vegas City School District,80919,admin.lasvegas.nm,80920
Las Virgenes Unified School District,13906,admin.lasvirgenes.ca,13907
Latexo Ind School District,56015,admin.latexo.tx,56016
Latta Dillon Co Sch Dist 3,67127,admin.lattadillon.sc,67128
Latta Public Schools,96525,admin.latta.ok,96526
Lauderdale Co School District,79597,admin.lauderdale.tn,79598
Lauderdale County School District,100507,admin.lauderdale.ms,100508
Laurel School District,100296,admin.laurel.ms,100297
Laurens Co School District,82242,admin.laurens.ga,82243
Laurens Co School District 55,76600,admin.laurens.sc,76601
Laurens Co School District 56,67403,admin.laurens56.sc,67404
LAUSD Sandbox Demo,89890,admin.lademo.ca,89891
Lavaca School District,83688,admin.lavaca.ar,83689
Laveen Elem School District 59,67278,admin.laveen.az,67279
La Vega Ind School District,51852,admin.lavega.tx,51853
La Vernia Ind School District,46898,admin.lavernia.tx,46899
La Villa Ind School District,65846,admin.lavilla.tx,65847
Lawndale Elementary School District,89977,admin.lawndaleesd.ca,89978
Lawrenceburg Community School Corporation,94011,admin.lawrenceburg.in,94012
Lawrence Co School District,83771,admin.lawrence.ar,83772
Lawrence County School District,100269,admin.lawrencecounty.ms,100270
Lawrence County Schools,95328,admin.lawrence.al,95329
Lawrence Public Schools,89945,admin.lawrence.ma,89946
Lawrence Unified Sch Dist 497,79708,admin.usd497.ks,79709
Lawton Ind School District 8,83304,admin.lawton.ok,83305
Lazbuddie Ind School District,68348,admin.lazbuddie.tx,68349
Leake County School District,99924,admin.leakecounty.ms,99925
Leakey Ind School District,57877,admin.leakey.tx,57878
Leander Ind School District,49646,admin.leander.tx,49647
Leary Ind School District,39509,admin.leary.tx,39510
Leavenworth Unif Sch Dist 453,79507,admin.leavenworth.ks,79508
Lebanon Community School Corporation,15005,admin.lebanon.in,15006
Lebanon School District R3,73781,admin.lebanon.mo,73782
Lebanon Special School Dist,72443,admin.lebanon.tn,72444
Lebo-Waverly Unif Sch Dist 243,77780,admin.lebowaverly.ks,77781
Lee Co School District,63017,admin.lee.ms,63018
Lee Co School District,68307,admin.lee.sc,68308
Lee Co School District,82786,admin.lee.fl,82787
Lee County ELC,102520,admin.leeelc.ms,102521
Lee County Schools,89076,admin.lee.nc,89077
Lee County School System,30007,admin.lcss.ga,30027
LEEP Dual Language Academy,90887,admin.leep.ny,90888
Lee's Summit School Dist R7,79728,admin.lsr7.mo,79729
Leeward Oahu District Office,86230,admin.leewardoahu.hi,86231
Leflore County School District,100551,admin.leflore.ms,100552
Lefors Ind School District,46849,admin.lefors.tx,46850
Legacy Preparatory,46749,admin.legacypreparatory.tx,46750
Leggett Ind School District,55998,admin.leggett.tx,55999
Leland ELC,102518,admin.lelandelc.ms,102519
Leland School District,100107,admin.leland.ms,100108
Lennox School District,94778,admin.lennox.ca,94779
Lenoir City Schools,19457,admin.lenoir.tn,19458
Lenoir County Public Schools,87671,admin.lenoircounty.nc,87672
Leonard Ind School District,47910,admin.leonard.tx,47911
Leon Co School District,75844,admin.amdev.fl,75845
Leon Ind School District,51269,admin.leonisd.tx,51270
Leoti Unified Sch Dist 467,79619,admin.leoti.ks,79620
Letcher County Public Schools,19459,admin.letcher.ky,19460
Levelland Isd School District,51860,admin.levelland.tx,51861
Leveretts Chapel Ind Sch Dist,65077,admin.lcisd.tx,65078
Levy Co School District,68518,admin.levy.fl,68519
Lewis And Clark 161 School District,97137,admin.lewisandclark.nd,97124
Lewis Cass Schools,79957,admin.lewiscass.in,79958
Lewiston Ind School Dist 1,78950,admin.lewiston.id,78951
Lewisville Ind School District,57276,admin.lewisville.tx,57277
Lexington City Schools,89196,admin.lexington.nc,89197
Lexington Co School District 1,67888,admin.lexington1.sc,67889
Lexington Co School District 2,68117,admin.lexington2.sc,68118
Lexington Ind School District,54390,admin.lexington.tx,54391
Lexington-Richland Co Sd 5,67708,admin.lexrich5.sc,67709
Libby School District,34728,admin.libby.mt,34729
Liberal Unified School District 480,87002,admin.liberal.ks,87003
Liberty Center Local Sch Dist,79208,admin.libertycenter.oh,79209
Liberty Co School District,66583,admin.liberty.ga,66584
Liberty Eylau Ind Sch District,39576,admin.libertyeylau.tx,39577
Liberty Hill Ind School Dist,47749,admin.libertyhill.tx,47750
Liberty ISD,19461,admin.liberty.tx,19462
Liberty School District 53,67282,admin.liberty53.mo,67283
Life Schools,50230,admin.lifeschool.tx,50231
Lighthouse Christian Academy,84899,admin.lighthouse.ar,84900
Limon School District No. Re 4J,96855,admin.limon.co,96856
Lincoln Cons Sch Dist 48,83777,admin.lincoln.ar,83778
Lincoln Co School District,75334,admin.lincoln.ky,75335
Lincoln Co School District,76769,admin.lincoln.tn,76770
Lincoln County School District,99930,admin.lincolncounty.ms,99931
Lincoln County Schools,88431,admin.lincoln.nc,88432
Lincoln Unified Sch Dist 298,81820,admin.lincoln.ks,81821
Lindale Ind School District,46416,admin.lindale.tx,46417
Linden City School District,75711,admin.lindencity.al,75712
Linden Kildare Cons Ind Sd,48689,admin.lindenkildare.tx,48690
Linden Public Schools,19463,admin.linden.nj,19464
Lindsay Ind School District,70252,admin.lindsay.tx,70253
Lindsay Unified School District,86328,admin.lindsayunified.ca,86329
Lingleville Isd School Dist,66195,admin.lingleville.tx,66196
Linn County R-I School District,99424,admin.linnco.mo,99425
Lipan Ind School District,66443,admin.lipan.tx,66444
Litchfield Cmty Unit Sd 12,77809,admin.litchfield12.il,77810
Little Cypress Mauriceville Sd,45612,admin.mauriceville.tx,45613
Little Elm Ind School District,44451,admin.littleelm.tx,44452
Littlefield Ind Sch District,59998,admin.littlefield.tx,59999
Little Lake City School District,69400,admin.littlelake.ca,69401
Little River-Windom Usd 444,83800,admin.littleriverwindom.ks,83801
Little Scholars Tutoring,97738,admin.littlescholars.tx,97758
Live Oak Elementary School District,96547,admin.losd.ca,96548
Livermore Valley Joint Unified School District,102472,admin.livermorevalley.ca,102473
Livingston Ind School District,53230,admin.livingston.tx,53231
Livingston Township School District,90392,admin.livingston.nj,90393
Livingston Union School District,91568,admin.livingstonunion.ca,91569
Llano Ind School District,53830,admin.llano.tx,53831
Lockhart Ind School District,56737,admin.lockhart.tx,56738
Lockland School District,74826,admin.lockland.oh,74827
Lockney Ind School District,49994,admin.lockney.tx,49995
Locust Grove Public Schools,93284,admin.locustgrove.ok,93285
Lodge Grass School District,55842,admin.lodgegrass.mt,55843
Logan Municipal School Dist,80357,admin.logan.nm,80358
Logansport Community Schools,20166,admin.logansport.in,20167
Logan Unified School Dist 326,80226,admin.logan.ks,80227
Lohn Ind School District,54262,admin.lohn.tx,54263
Lombard Elem Sd 44,38429,admin.lombard.il,38430
Lomega Public Schools,93868,admin.lomega.ok,93869
Lometa Ind School District,68916,admin.lometa.tx,68917
Lompoc Unified School District,19467,admin.lompoc.ca,19468
London Ind School District,56997,admin.london.tx,56998
Lone Oak Ind School District,40309,admin.loneoak.tx,40310
Lone Rock School District,34688,admin.lonerock.mt,34689
Long Beach ELC,102478,admin.longbeachelc.ms,102479
Long Beach School District,99936,admin.longbeach.ms,99937
Long Beach Unified School District,90052,admin.lbusd.ca,90053
Long Co School District,84823,admin.long.ga,84824
Longview Ind School District,39349,admin.longview.tx,39350
Lonoke School District,83373,admin.lonoke.ar,83374
Loop Ind School District,62916,admin.loop.tx,62917
Loraine Ind School District,54949,admin.loraine.tx,54950
Lordsburg Municipal Sch Dist,80374,admin.lordsburg.nm,80375
Lorena Ind School District,63197,admin.lorena.tx,63198
Lorenzo Ind School District,54649,admin.lorenzo.tx,54650
Los Alamos Public Schools,80655,admin.losalamos.nm,80656
Los Angeles Unified School District,87062,admin.lausd.net,87063
Los Angeles Unified School District,87067,admin.ca,87068
Los Angeles Unified School District,91421,admin.cs.ca,91422
Los Angeles Unif Sch Dist,85061,admin.lasouth.ca,85062
Los Angeles Usd,12745,admin.lausd.ca,12746
Los Fresnos Cons Ind Sch Dist,55089,admin.lfcisd.tx,55090
Los Lunas Public School District,25605,admin.loslunas.tx,
Los Lunas Public School District,25625,admin.loslunas.nm,25626
Loudon Co School District,76155,admin.loudon.tn,76156
Loudoun Co Public School Dist,57038,admin.lcps.va,57039
Louisburg USD 416,77739,admin.louisburg.ks,77740
Louise Isd,19469,admin.louise.tx,19470
Louisville Municipal School District,99940,admin.louisville.ms,99941
Lousiana Demo domain district level,95471,admin.lde.la,95472
Lovejoy Isd,25005,admin.lovejoy.tx,25006
Lovelady Isd,20825,admin.lovelady.tx,20826
Loving Municipal Schools,19471,admin.loving.nm,19472
Lovington School District,80761,admin.lovington.nm,80762
Lowndes Co School District,75875,admin.lowndes.ga,75876
Lowndes County ELC,102480,admin.lowndeselc.ms,102481
Lowndes County School District,100859,admin.lowndes.ms,100860
Loyalsock Township School District,19473,admin.loyalsock.pa,19474
Lubbock Christian School District,96745,admin.lcs.tx,96746
Lubbock-Cooper Isd,19689,admin.lubbockcooper.tx,19690
Lubbock Isd,16826,admin.lubbock.tx,16827
Lueders-Avoca Ind Sch District,41544,admin.luedersavoca.tx,41545
Lufkin Ind School District,39189,admin.lufkin.tx,39190
Luling Ind School District,44253,admin.luling.tx,44254
Lumberton Ind School District,56983,admin.lumberton.tx,56984
Lyford Cons Ind Sch District,52719,admin.lyford.tx,52720
Lynchburg City Schools,14785,admin.lynchburg.va,14786
Lyndon Unified Sd 421,78333,admin.lyndon.ks,78334
Lynn Public Schools,92218,admin.lynn.ma,92219
Lynwood Unified School Dist,82389,admin.lynwood.ca,82390
Lyons Unif School Dist 405,83851,admin.lyons.ks,83852
Lytle Isd School District,53530,admin.lytle.tx,53531
Mabank Isd,1202,admin.mabank.tx,4681
Mackay Joint District,85475,admin.mackay.id,85476
Macon County Schools,87980,admin.macon.nc,87981
Madera Unified School District,92472,admin.madera.ca,92473
Madill Public Schools,96848,admin.madillps.ok,96849
Madison Co School District,66589,admin.madison.ms,66590
Madison Co School District,74933,admin.madison.ga,74934
Madison Co School District,80908,admin.madison.fl,80909
Madison Co School District,83504,admin.madison.al,83505
Madison County Schools,89613,admin.madison.nc,89614
Madison Local School District,93291,admin.mlsd.oh,93292
Madison Metropolitan Sch Dist,75049,admin.madison.wi,75050
Madison School District,5237,admin.madison.az,5238
Madison School District 321,83028,admin.madison.id,83029
Madisonville Cons Isd,69152,admin.madisonville.tx,69153
Magazine School District,83780,admin.magazine.ar,83781
Magdalena Municipal Sch Dist,80890,admin.magdalena.nm,80891
Magnolia Ind School District,40609,admin.magnolia.tx,40610
Magnolia School District,91720,admin.magnolia.ca,91721
Maize Unified School Dist 266,79445,admin.maize.ks,79446
Majorie Williams Charter School,89860,admin.mwcs.nc,89861
Malakoff Independent School District,39749,admin.malakoff.tx,39750
Malone Ind School District,66048,admin.malone.tx,66049
Malta Ind School District,47670,admin.malta.tx,47671
Manatee Co School District,74188,admin.manatee.fl,74189
Manchester Public School District,87114,admin.manchester.ct,87115
Manchester Twp School District,80213,admin.manchester.nj,80214
Mangum Public Schools,97117,admin.magnum.ok,97108
Manhattan-Ogden Unif Sd 383,73100,admin.usd383.ks,73101
Mannford Public Schools,97605,admin.mannford.ok,97586
Mannheim School District 83,69088,admin.mannheim.il,69089
Manor Isd,18606,admin.manor.tx,18607
Mansfield Isd,25545,admin.mansfield.tx,25546
Mansfield School District,83326,admin.mansfield.ar,83327
Mapleton School District 1,86336,admin.mapleton.co,86337
Maplewood Richmond Heights Sd,8486,admin.mrh.mo,8487
Marais Des Cygnes Vly Sd 456,79572,admin.usd456.ks,79573
Marathon Ind School District,53352,admin.marathon.tx,53353
Marble Falls Ind Sch District,44689,admin.marblefalls.tx,44690
Mare Island,90025,admin.mita.ca,90026
Marfa Ind School District,68712,admin.marfa.tx,68713
Marion Columbia ELC,102482,admin.marionelc.ms,102483
Marion Co School District,57582,admin.marion.tn,57583
Marion County School District,99946,admin.marion.ms,99947
Marion County Schools,85314,admin.marioncs.wv,85315
Marion-Florence Usd 408,83946,admin.marionflorence.ks,83947
Marion Ind School District,56069,admin.marion.tx,56070
Marionville R-IX School District,98887,admin.marionville.mo,98888
Marlin Ind School District,56820,admin.marlin.tx,56821
Marmarth School District 12,67547,admin.marmarth.nd,67548
Marmaton Valley Usd 256,80046,admin.usd256.ks,80047
Marseilles Elem Sch Dist 150,75229,admin.marseilles.il,75230
Marshall County School District,9488,admin.marshall.ms,9489
Marshall County SD,33588,admin.marshall.tn,33589
Marshall Ind School District,42712,admin.marshall.tx,42713
Marshalltown Cmty School Dist,75234,admin.marshalltown.ia,75235
Marsh Valley Joint Sch Dist 21,83084,admin.marshvalleyjoint.id,83085
Marsing Joint District,85570,admin.marsing.id,85571
Martin Co School District,73303,admin.martincounty.fl,73304
Martin County Schools,89391,admin.martin.nc,89392
Mart Ind School Dist,45349,admin.mart.tx,45350
Martin's Mill Ind School Dist,48471,admin.martinsmill.tx,48472
Martinsville Ind Sch District,73687,admin.martinsville.tx,73688
Maryetta Public School,90544,admin.maryetta.ok,90545
Marysville Unif Sch Dist 364,79536,admin.marysville.ks,79537
Maryville City School District,75190,admin.maryville.tn,75191
Mason ISD,19475,admin.mason.tx,19476
Mason Public Schools,100528,admin.mason.ok,100529
Massachusetts Demo School District,92040,admin.mass.demo,92041
Massachusetts Dept Of Ed,62097,admin.matcheducation.ma,62098
Mastery Charter Schools NJ,94451,admin.mastery.nj,94452
Matagorda Ind School District,61576,admin.matagorda.tx,61577
Mathis Ind School District,56000,admin.mathis.tx,56001
Maud Ind School District,51671,admin.maud.tx,51672
Maui District,21006,admin.maui.hi,21007
Maumee City School District,83347,admin.maumee.oh,83348
Maury Co Public School Dist,79649,admin.maury.tn,79650
Maxwell School District,80530,admin.maxwell.nm,80531
May Ind School District,54309,admin.may.tx,54310
Maynard Public Schools,92213,admin.maynard.ma,92214
Maypearl Ind School District,52109,admin.maypearl.tx,52110
Maysville Public Schools,87218,admin.maysville.ok,87219
Maysville R-I School District,98704,admin.maysvilleri.mo,98705
Mcalester School District I-80,73921,admin.mcalester.ok,73922
McAllen Isd,10726,admin.mcallen.tx,19477
Mc Call-Donnelly School District,85205,admin.mdsd.id,85206
Mccamey Ind School District,68471,admin.mccamey.tx,68472
McClave School District No. Re-2,86597,admin.mcclave.co,86598
McComb ELC,102484,admin.mccombelc.ms,102485
McComb School District,100339,admin.mccomb.ms,100340
Mccook Central Sch Dist 43-7,69049,admin.mccookcentral.sd,69050
Mccrory School District 12,83783,admin.mccrory.ar,83784
McCurdy Charter School Admin,96405,admin.mccurdy.nm,96406
Mcdade Ind School District,72955,admin.mcdade.tx,72956
McDonald Local School District,90272,admin.mcdonald.oh,90273
McDowell County Schools,88522,admin.mcdowell.nc,88523
Mcgregor Ind School District,68211,admin.mcgregor.tx,68178
McHenry Community Consolidated School District 15,90457,admin.mchenry.il,90458
Mcintosh Co School District,61537,admin.mcintosh.ga,61538
McKinleyville Union Elementary School District,91613,admin.mckinleyvilleunion.ca,91614
McKinney Independent School District,19478,admin.mckinney.tx,19479
Mclean Ind School District,74205,admin.mclean.tx,74206
Mcleod Ind School District,50127,admin.mcleod.tx,50128
Mclouth Unified Sch Dist 342,79151,admin.mclouth.ks,79152
Mcmullen Co Ind Sch Dist,74935,admin.mcmullen.tx,74936
Mcnairy Co School District,76850,admin.mcnairy.tn,76851
McPherson Unified School District 418,85864,admin.mcpherson.ks,85865
Meade Unified School Dist 226,78744,admin.meade.ks,78745
Meadow Ind School District,64661,admin.meadow.tx,64662
Meadowland Charter School (District),98300,admin.meadowlandcsd.tx,98318
Meadowland district level,99577,admin.meadowland.txprivate.tx,99578
Meadows Valley School District,85444,admin.meadowsvalley.id,85445
Medicine Lodge,91605,admin.mlgs.ks,91606
Medina Ind School District,66171,admin.medina.tx,66172
Medina Valley Ind School Dist,40869,admin.medinavalley.tx,40870
Melba Joint District,85163,admin.melba.id,85164
Melbourne School District,91327,admin.melbourne.ar,91328
Melissa Isd,20048,admin.melissa.tx,20049
Melrose Municipal School Dist,80782,admin.melrose.nm,80783
Memphis City Schools,5275,admin.memphis.tn,5276
Memphis Ind School District,48609,admin.memphis.tx,48610
Menard Ind School District,56337,admin.menard.tx,56338
Mendon-Upton Regional School District,92880,admin.mursd.ma,92881
Menifee Union School District,79984,admin.menifee.ca,79985
Menlo Park City Sch District,81644,admin.menlopark.ca,81645
Menominee Tribal School,9226,admin.menominee.wi,
Menominee Tribal School,9229,admin.wiprivate.wi,
Meramec Valley R-III School District,3317,admin.mvr3.mo,4687
Mercedes Isd,19967,admin.mercedes.tx,19968
Mercer County School District 404,87271,admin.mercer.il,87272
Mercer County Schools,100658,admin.mercer.ky,100659
Meridian Ind School District,67616,admin.meridian.tx,67617
Meridian Public Schools,100353,admin.meridian.ms,100354
Merkel Ind School District,56180,admin.merkel.tx,56181
Mesa County Valley School District 51,69149,admin.mcvsd51.co,69169
Mesa Unified School Dist 4,72684,admin.mesausd.az,72685
Mesa Vista Cons School Dist,80857,admin.mesavista.nm,80858
Mesquite Isd,18826,admin.mesquite.tx,18827
Metamindz,71481,admin.metamindz.uae,71482
Metro Catholic School,87170,admin.metro.oh,87171
Metropolitan Nashville Public Schools,31107,admin.metronashville.tn,31108
Metropolitan School District of Lawrence Township,87221,admin.ltschools.in,87222
Mexia Ind School District,49542,admin.mexia.tx,49543
Meyersville Ind School Dist,43209,admin.meyersville.tx,43210
Miami Dade County Public Schools,10486,admin.miamidade.fl,10487
Miami Ind School District,59336,admin.miami.tx,59337
Miami Public Schools,90606,admin.miamips.ok,90607
Michigan Dept Of Education,71321,admin.warren.mi,71322
Middlesex County School District,27374,admin.middlesex.va,27375
Middleton School District 134,82997,admin.middleton.id,82998
Middletown City Sch District,69913,admin.middletown.oh,69914
Midland Borough School District,19480,admin.midland.pa,19481
Midland Ind School District,41710,admin.midland.tx,41711
Midlothian Ind School Dist,43709,admin.midlothian.tx,43710
Midvale School District,85311,admin.midvale.id,85312
Midview Local School District,71221,admin.midview.oh,71222
Midway Ind School District,55851,admin.midwayfalcons.tx,55852
Midway ISD,9066,admin.midway.tx,9067
Midwest City-Del City Sch Dist,82018,admin.midwestdel.ok,82019
Mifflin County Area School District,2779,admin.mifflincountyasd.pa,4682
Milan Community Schools,93990,admin.milan.in,93991
Milano Ind School District,68911,admin.milano.tx,68912
Milan Special School District,82981,admin.milanspecial.tn,82982
Mildred Ind School District,46902,admin.mildred.tx,46903
Miles City Elementary District,96498,admin.milescity.mt,96499
Miles Ind School District,54029,admin.miles.tx,54030
Milford ISD,19482,admin.milford.tx,19483
Milken Community Schools,67929,admin.milkencommunity.ca,67930
Miller Co School District,71721,admin.millercounty.ga,71722
Miller Grove Ind School Dist,48057,admin.millergrove.tx,48058
Millington Mun Schools,75739,admin.millington.tn,75740
Millsap Isd,21285,admin.millsap.tx,21286
Millwood Public Schools,96900,admin.millwood.ok,96901
Milne-Kelvin Grove School District 91,19465,admin.lockport.il,19466
Milpitas Unified School Dist,83158,admin.milpitas.ca,83159
Milton Public Schools,92398,admin.milton.ma,92399
Milwaukee Public Schools,19484,admin.milwaukee.wi,19485
Milwaukee Public Schools - Charter Schools,97412,admin.milwaukeecharter.wi,97441
Mineola Ind School District,44464,admin.mineola.tx,44465
Mineral Wells Isd,8686,admin.mineralwells.tx,8687
Minidoka Co Joint Sch Dist 331,83173,admin.minidoka.id,83174
Ministry Of Education,70896,admin.moed.bm,
Minneapolis Public Sch Dist,63377,admin.minneapolis.mn,63378
Minneola Unified Sch Dist 219,78747,admin.minneola.ks,78748
Minnetonka Isd 276,79628,admin.minnetonka.mn,79629
Mirabile School District C1,67051,admin.mirabile.mo,67052
Mission Achievement and Success,88839,admin.mas.nm,88840
Mission Achievement And Success (District),99800,admin.missionsuccess.nm,99801
Mission Consolidated Isd,11546,admin.mission.tx,11547
Mission Valley Usd 330,79563,admin.usd330.ks,79564
Missisquoi Valley School District (Supervisory),98652,admin.missisquoi.vt,98653
Mississippi Dept of Education,99872,admin.msde.ms,99873
Mississippi School For The Blind And Deaf,100563,admin.msbd.ms,100564
Missouri City 56 School District,98943,admin.mocityk12.mo,98944
Mitchell County School District,69674,admin.mitchell.ga,69675
Mitchell County Schools,88635,admin.mitchell.nc,88636
Moffat School District No. 2,85833,admin.moffat.co,85834
Mohave Valley Elementary District,99839,admin.mohavevalley.az,99840
Moline School District 40,69712,admin.moline.il,69713
Monaca ASD,3014,admin.monaca.pa,4683
Monahans-Wickett-Pyote Isd,16006,admin.mwpisd.tx,16007
Monmouth-Roseville Cusd 238,81345,admin.monmouthroseville.il,81346
Monroe County School District,2367,admin.monroe.fl,4684
Monroe County School District,100112,admin.monroe.ms,100113
Monroe County Schools,25665,admin.monroe.wv,25666
Monroe ELC,102486,admin.monroeelc.ms,102487
Monroeville Local School District,97600,admin.monroeville.oh,97581
Monrovia Unified School District,90335,admin.monrovia.ca,90336
Montabella Community Schools,19486,admin.montabella.mi,19487
Montague Ind School District,73531,admin.montague.tx,73533
Montana Opi,31810,admin.mt,31811
Montana Opi,80100,admin.pinehills.mt,80101
Monte Alto Ind School District,55675,admin.montealto.tx,55676
Montebello Unified School District,90262,admin.montebello.ca,90263
Monterey Peninsula Unified School District,89624,admin.monterey.ca,89625
Monte Vista School Dist C-8,69532,admin.montevista.co,69552
Montezuma-Cortez Sch Dist,75344,admin.cortez.co,75345
Montezuma-Cortez School District Re-1,20074,admin.montezumacortez.co,20075
Montezuma Unif School Dist 371,83743,admin.montezuma.ks,83744
Montgomery Co School Dist R2,82052,admin.montgomery.mo,82053
Montgomery Co School District,66903,admin.montgomery.va,66904
Montgomery Co School District,79225,admin.montgomery.ga,79226
Montgomery County Public Schools,92207,admin.montgomery.md,92208
Montgomery County Schools,89778,admin.montgomery.nc,89779
Montgomery Ind School Dist,53329,admin.montgomery.tx,53330
Monticello Central School District,97169,admin.monticellocentral.ny,97170
Monticello School District 18,83786,admin.monticello.ar,83787
Montrose Co Sch Dist Re-1j,75354,admin.montrose.co,75346
Moody Ind School District,52789,admin.moody.tx,52790
Moore Co School District,74944,admin.moore.nc,74945
Moore County School District,29287,admin.tn,
Moore County School District,32787,admin.moore.tn,32788
Moore School District I-2,82436,admin.moore.ok,82437
Mooresville City Schools,14506,admin.mooresville.nc,14507
Moorhead Public School District 152,89380,admin.moorhead.mn,89381
Moose Lake Ind School Dist 97,79333,admin.mooselake.mn,79334
Mora Ind School District 1,80714,admin.mora.nm,80715
Moran Ind School District,39609,admin.moran.tx,39610
Moravian Academy,25945,admin.bethlehem.pa,25946
Moreland School District,5419,admin.moreland.ca,5420
Moreno Valley Unified Sch Dist,82304,admin.morenovalley.ca,82305
More Than Athletics,96727,admin.morethanathletics.sc,96728
Morgan County School District Re-3,75668,admin.morgan.co,75669
Morgan County Schools,90322,admin.morganco.al,90323
Morgan County Schools,91166,admin.morgan.al,91167
Morgan Hill Unified School District,90632,admin.mhusd.ca,90633
Morgan Independent School District,97302,admin.morgan.tx,97303
Morgan Mill Isd Sch District,55690,admin.morganmill.tx,55691
Moriarty-Edgewood School Dist,80826,admin.moriartyedgewood.nm,80827
Morris Co Unified Sd 417,84277,admin.morris.ks,84278
Morrison Public Schools,19488,admin.morrison.ok,19489
Morris Public Schools,93734,admin.morris.ok,93735
Morris School District,94851,admin.morris.nj,94852
Morton Isd,19490,admin.morton.tx,19491
Mosaics Public,91819,admin.mosaics.id,91860
Moscow School District 281,83038,admin.moscow.id,83039
Moscow Unified Sd 209,84013,admin.moscow.ks,84014
Moseley Public School,100521,admin.mosley.ok,100522
Moseley Public School,100523,admin.moseley.ok,100524
Moshannon Valley School District,19492,admin.moshannon.pa,19493
Mosquero Municipal Sch Dist 5,81157,admin.mosquero.nm,81158
Moss Point Separate School District,100205,admin.mosspoint.ms,100206
Motley Co Ind School District,81593,admin.motley.tx,81594
Mott-Regent School District 1,68688,admin.mott-regent.nd,68689
Moulton Ind School District,66080,admin.moulton.tx,66081
Moundridge Ufd Sch Dist 423,79634,admin.usd423.ks,79635
Mountainair School District,80770,admin.mountainair.nm,80771
Mountain Brook City Sch Dist,74238,admin.mountainbrookschools.al,74239
Mountain Home School Dist 9,83928,admin.mountainhome.ar,83929
Mountain Home School District,85116,admin.mhsd.id,85117
Mountain Island,91725,admin.mountainisland.nc,91726
Mountain View School District #244,85354,admin.mountainview.id,85355
Mountain View-Whisman School District,83933,admin.mtnviewwhisman.ca,83934
Mount Airy City Schools,89203,admin.mountairy.nc,89204
Mount Healthy City School District,2102,admin.mounthealthy.oh,4685
Mount Vernon School District,93143,admin.mvsd320.wa,93144
Msd Of Boone Twp,80348,admin.boone.in,80349
Msd Of Warren County,20066,admin.warren.in,20067
MS Prod Test,102390,admin.demoms.ms,102391
Mt Calm Ind School District,56576,admin.mtcalm.tx,56577
Mt Enterprise Ind School Dist,48449,admin.meisd.tx,48450
Mt Olive Cmty Unit Sch Dist 5,68808,admin.mtolive.il,68809
Mt. Pleasant Area School District,1715,admin.mtpleasant.pa,4686
Mt Pleasant Ind School Dist,38589,admin.mtpleasant.tx,38590
Mt Vernon City Sch Dist 80,84863,admin.mtvernoncity.il,84864
Mt Vernon Ind Sch Dist,49209,admin.mountvernon.tx,49210
Muenster Ind School District,56129,admin.muenster.tx,56130
Mukwonago Area School District,81499,admin.mukwonago.wi,81500
Mulberry-Pleasant View Sd,74304,admin.mpvschools.ar,74305
Muleshoe Ind School District,46692,admin.muleshoe.tx,46693
Mullan School District,85524,admin.mullan.id,85525
Mullin Ind School District,59138,admin.mullin.tx,59139
Mulvane Unified Sd 263,78712,admin.mulvane.ks,78713
Mumford Ind School District,46892,admin.mumford.tx,46893
Munday Consolidated Ind Sd,39770,admin.munday.tx,39771
Murchison Ind Sch Dist,44029,admin.murchison.tx,44030
Murray City School District,83266,admin.murraycity.ut,83267
Murray Co School District,69893,admin.murray.ga,69894
Murray Independent Schools,99597,admin.murray.ky,99598
Murtaugh Joint District,85209,admin.murtaugh.id,85210
Muscogee Co School District,74441,admin.muscogee.ga,74421
Mustang Public Schools,90479,admin.mustangps.tx,90480
Nacogdoches Ind School Dist,42252,admin.nacogdoches.tx,42253
NAEP - Tampa Campuses,97404,admin.naeptampa.fl,97421
Nampa School District 131,83087,admin.idnampa.id,83088
Nash-Rocky Mount Public Schools,21926,admin.nrmps.nc,21927
Nash-Rocky Mount Schools,89437,admin.nashrockymount.nc,89438
Nashville School District,91289,admin.nashville.ar,91290
Nashwauk-Keewatin Ind Sd 319,75212,admin.nk319.mn,75213
Natalia Isd,25065,admin.natalia.tx,25066
Natchez-Adams School District,86884,admin.natchez.ms,86885
National Academic Education Partners,96827,admin.naep.fl,96828
National Heritage Academies,88668,admin.nhaschools.nc,88669
Natomas Unified School Dist,63337,admin.natomas.ca,63338
Natrona Co School District 1,43430,admin.natrona.wy,43431
Naugatuck School District,84099,admin.naugatuck.ct,84100
Navajo School District I-1,20868,admin.navajo.ok,20869
Navarro Isd,19496,admin.navarro.tx,19497
Navasota Ind School District,51469,admin.navasota.tx,51470
Nazareth Ind School District,52549,admin.nazareth.tx,52550
NC Cyber Academy (NCCA),89981,admin.ncca.nc,89982
NC Support ISD,88279,admin.support.nc,88280
Nebo School District,79940,admin.nebo.ut,79941
Neches Ind School District,79605,admin.neches.tx,79606
Nederland Independent School District,27348,admin.nederland.tx,27349
Needville Ind School District,61056,admin.needville.tx,61057
Neighborhood House Charter School,94092,admin.nhcs.ma,94093
Neighbor Works,77352,admin.neighborworks.ca,77353
Nemaha Central Schools Usd 115,79470,admin.nemaha.ks,79471
Nemo Vista School District 8,84477,admin.nemovista.ar,84478
Neodesha Unif Sch Dist 461,80144,admin.neodesha.ks,80145
Neshoba County School District,99950,admin.neshoba.ms,99951
Ness City Unified Sd 303,78750,admin.ness.ks,78751
Nettleton School District,99953,admin.nettleton.ms,99954
New Albany Public Schools,99956,admin.newalbany.ms,99957
Newark City School District,79882,admin.parexcellence.oh,79883
Newark Public Schools,11666,admin.newark.nj,11667
Newark Unified School District,27368,admin.newark.ca,27369
New Bedford Public Schools,89461,admin.newbedford.ma,89462
Newberry Co School District,68257,admin.newberry.sc,68258
New Boston Ind School Dist,44309,admin.newboston.tx,44310
New Braunfels Ind School Dist,50529,admin.newbraunfels.tx,50530
New Caney Ind School District,37588,admin.admin,
New Caney Ind School District,37589,admin.newcaney.tx,37590
Newcastle Ind School District,55610,admin.newcastle.tx,55611
Newcastle Public Schools,92900,admin.newcastle.ok,92901
New Deal Ind School District,46609,admin.newdeal.tx,46610
New Diana Ind School Dist,46509,admin.diana.tx,46510
New England School District 9,68652,admin.newengland.nd,68653
New Frontiers Public Schools (District),98802,admin.nfps.tx,98803
Newhall Elementary School District,90985,admin.newhall.ca,90977
Newhall School District - Do Not Use,19494,admin.muesd.ca,19495
New Hanover County Schools,88060,admin.newhanover.nc,88061
New Haven Unified School District,90971,admin.newhaven.ca,90972
New Home Ind School District,81168,admin.newhome.tx,81169
New Lisbon School District,98715,admin.newlisbon.wi,98716
New London Public Sch District,79901,admin.newlondon.ct,79902
New Madrid County R-1,16246,admin.newmadrid.mo,16247
Newman Academy,81384,admin.nia.tx,81385
Newman Crows Landing Unif Sd,76315,admin.nclusd.ca,76316
New Mexico Charter Schools,80756,admin.cs.nm,80757
New Mexico Dept Of Education,79889,admin.ped.nm,79890
New Mexico Summer School,102685,admin.nmdemo.us,102686
New Plymouth School District,85327,admin.newplymouth.id,85328
Newport-Mesa Unified School District,92545,admin.nmusd.ca,92546
Newport News Public Schools,69316,admin.newportnews.va,69317
New Summerfield Ind Sch Dist,53734,admin.newsummerfield.tx,53735
Newton Cmty School District,50810,admin.newton.ia,50811
Newton-Conover City Schools,88581,admin.newtonconover.nc,88582
Newton County School District,99960,admin.newton.ms,99961
Newton County School System,13987,admin.newton.ga,13988
Newton ISD,18886,admin.newton.tx,18887
Newton Municipal School District,101757,admin.newtonmsd.ms,101758
New Town School District 1,77209,admin.newtown1.nd,77210
New Waverly Isd,19588,admin.newwaverly.tx,19589
New York City Department of Education,90467,admin.cs.ny,90468
New York City Department of Education,90626,admin.nyc9.ny,90627
New York City Public Schools,87076,admin.nycgeographic.ny,87077
New York City Schools,11686,admin.nyc.ny,11687
New York Non Public Reading First,14916,admin.ny,
NEXT Memphis - Porter-Leath,92080,admin.porterleath.tn,92081
Nezperce Joint School Dist 302,83031,admin.nezpercejoint.id,83032
Niles Elementary School District 71,19498,admin.niles.il,19499
Nineveh-Hensley-Jackson United,98711,admin.ninevehhensleyjacksonusd.in,98712
Nixon Smiley Cons Ind Sch Dist,39730,admin.nixon.tx,39731
Noah Webster Schools,84433,admin.webster.az,84434
Nocona Ind School District,47949,admin.nocona.tx,47950
Nordheim Ind School District,60757,admin.nordheim.tx,60758
Norfolk Public Schools,14509,admin.norfolk.va,14510
Norfolk School District,38190,admin.nortfolk.va,38191
Norfork School District,83691,admin.norfork.ar,83692
Normandy School District,4598,admin.normandy.mo,4688
Normangee Isd,19646,admin.normangee.tx,19647
Northampton County Public Schools,26769,admin.northampton.va,26770
Northampton County Schools,89750,admin.northampton.nc,89751
North Bolivar School District,19500,admin.northbolivar.ms,19501
Northborough Public Schools,92196,admin.northborough.ma,92197
North Brunswick Twp Public Sd,84800,admin.northbrunswick.nj,84801
North Carolina Department of Public Instruction,86583,admin.dpi.nc,86584
North Carolina Dept Of Ed,84316,admin.renaissance.nc,84317
North Carolina Test Integration Schools,89181,admin.testintegrations.nc,89182
North Cobb Christian,90276,admin.ncc.ga,90277
North Cow Creek Elem Sch Dist,80912,admin.nccs.ca,80913
North East Ind School District,35408,admin.neisd.tx,35409
Northeast School Corporation,82313,admin.dugger.in,82314
Northeast Unif School Dist 246,79131,admin.northeast.ks,79132
Northern Cambria School District,19502,admin.northcambria.pa,19503
Northern Mariana Islands Public School System,32808,admin.cnmi.mp,32827
Northern Valley Usd 212,79364,admin.usd212.ks,79365
North Forest Ind School District,43987,admin.northforest.tx,43988
North Gem School District 149,82972,admin.northgem.id,82973
North Greene Unit Dist 3,33308,admin.northgreene.il,33309
North Hanover Township School District,99807,admin.nhanover.nj,99808
North Hills Preparatory,61087,admin.nhpreparatory.tx,61088
North Hopkins Ind Sch District,42589,admin.hopkins.tx,42590
North Jackson Usd 335,79687,admin.usd335.ks,79688
North Lamar Ind Sch District,39829,admin.northlamar.tx,39830
North Little Rock School Dist,82028,admin.northlittlerock.ar,82029
North Lyon Co Usd 251,81924,admin.northlyon.ks,81925
North Mac Cmty School Dist 34,74681,admin.northmac.il,74682
North Monterey County Unified School District,96184,admin.nmcusd.ca,96185
North Ottawa Co Usd 239,77791,admin.northottawa.ks,77792
North Panola School District,99966,admin.northpanola.ms,99967
North Pemiscot R-1 School District,19506,admin.northpemiscot.mo,19507
North Pike School District,99970,admin.northpike.ms,99971
North Reading Public Schools,89467,admin.northreading.ma,89468
Northridge Local School Dist,73522,admin.northridge.oh,73523
North Rockland Central Sd/ Haverstraw Stony Point,23746,admin.northrockland.ny,23747
North Salem Central School District,19508,admin.northsalem.ny,19509
North Sanpete District,92540,admin.northsanpete.ut,92541
North Santiam School Dist 29j,75698,admin.northsantiam.or,75699
North Sargent 3 School District,95330,admin.northsargent.nd,95331
Northside Ind School District,51829,admin.northside.tx,51830
Northside Ind School District,58436,admin.nisd.tx.inactive,58437
North Star Public Charter School (District(,102422,admin.northstarcs.id,102423
North Star Public Charter School (District),102421,admin.northstar.id,
North Star Public Sd 10,36168,admin.northstar.nd,36169
North St. Francois County R-I School District,19504,admin.northcounty.mo,19505
North Texas Collegiate Academy,90706,admin.ntxca.tx,90707
North Thurston Public Schools,94995,admin.norththurston.wa,94996
North Tippah Cons School Dist,75536,admin.northtippah.ms,75537
Northwest Ind Sch District,60283,admin.northwest.tx,60284
Northwest Preparatory Academy,57238,admin.northwestprep.tx,57239
North White School Corporation,98599,admin.northwhiteschool.in,98600
North Zulch Ind School Dist,42949,admin.northzulch.tx,42950
Norton Cmty School Dist 211,78375,admin.norton.ks,78376
Norwalk La Mirada Unified Sd,84163,admin.norwalklamirada.ca,84164
Norwalk Public Schools,92061,admin.norwalk.ct,92062
Notus School District,85319,admin.notus.id,85320
Nova Academy,15546,admin.nova.tx,15547
Novato Unified School District,90689,admin.novato.ca,90690
Noxon School District 10,81616,admin.noxon.mt,81617
Noxubee County School District,99974,admin.noxubee.ms,99975
Noxubee ELC,102488,admin.noxubeeelc.ms,102489
Nueces Canyon Cons Ind Sd,39137,admin.nuecescanyon.tx,39138
Nursery Isd,19510,admin.nursery.tx,19511
Nyos Charter Schools,47391,admin.nyoscharter.tx,47392
Oak Grove School District,72629,admin.oakgrove.ca,72630
Oakland Unified School District,26187,admin.oakland.ca,26188
Oakley Unif School Dist 274,81096,admin.oakley.ks,81097
Oak Ridge R-VI School District,98785,admin.oakridge.mo,98786
Oakwood City School District,68317,admin.oakwood.oh,68318
Oakwood Ind School District,70856,admin.oakwood.tx,70857
Oberlin Unif Sch District 294,78157,admin.oberlin.ks,78158
Obion County School District,91951,admin.obion.tn,91952
Oceanside Unified School District,92335,admin.oceanside.ca,92336
Ocean Springs School District,99978,admin.oceansprings.ms,99979
Oconee Co School District,70452,admin.oconee.sc,70453
OCPS (deprecated),14031,admin.orangecounty.fl,14065
Odem-Edroy Ind School District,49789,admin.odemedroy.tx,49790
O'Donnell Isd,19512,admin.odonnell.tx,19513
Odyssey Academy Charter Schools,84124,admin.odysseycs.tx,84125
Odyssey Charter School (District),102979,admin.odyssey.ga,102980
Ogden City School District,65907,admin.ogden.ut,65908
Oglesby Ind School District,53221,admin.oglesby.tx,53222
Ohio Department Of Education,71420,admin.cleveland.oh,71401
Ojo Encino Day School District,98359,admin.ojoencinodayschool.nm,98360
Okarche Public Schools,98158,admin.okarche.ok,98139
Oklahoma City Public Schools,13105,admin.okcps.ok,13106
Okolona Separate School District,99983,admin.okolonaseparate.ms,99984
Oktibbeha County School District,100548,admin.oktibbeha.ms,100549
Olathe Unified School Dist 233,79301,admin.olathe.ks,79302
Olentangy Local School Dist,71661,admin.olentangy.oh,71662
Olfen Ind School District,79952,admin.olfen.tx,79953
Olney Ind School District,52389,admin.olney.tx,52390
Olton Ind School District,50049,admin.olton.tx,50050
Omaha Public School Dist 1,67464,admin.omaha.ne,67465
Omaha School District,83694,admin.omaha.ar,83695
Omni Prep,73662,admin.omniprep.tn,73663
Onaga Unified School Dist 322,77822,admin.onaga.ks,77823
Onalaska Ind School District,46853,admin.onalaska.tx,46854
Oneida County School District,85254,admin.oneida.id,85255
OneRoster 1.0 Transition Testing,98566,admin.oneroster10transitiondistrict.tx,98567
OneRoster 1.1 Transition Testing,98569,admin.oneroster11transitiondistrict.tx,98570
Onslow County Schools,88498,admin.onslow.nc,88499
Ontario-Montclair School District,69693,admin.omsd.ca,69694
Orangeburg Con School Dist 3,68219,admin.orangeburg3.sc,68220
Orangeburg School District 4,67402,admin.orangeburg4.sc,67383
Orangeburg School District 5,21207,admin.orangeburg.sc,21208
Orange Center Elementary School District,97542,admin.orangecenter.ca,97560
Orange City School District,72981,admin.orangecity.oh,72982
Orange Co Public School Dist,72322,admin.orange.fl,72323
Orange County Schools,76449,admin.orangecounty.nc,76450
Orangefield Ind Sch District,51704,admin.orangefield.tx,51705
Orange Grove Isd,19514,admin.orangegrove.tx,19515
Orange Unified School District,92263,admin.orange.ca,92264
Ore City Ind School District,42232,admin.orecity.tx,42233
Oregon City School District,76596,admin.oregoncity.oh,76597
Oregon Trail Sch Dist 46,75885,admin.oregontrail.or,75886
Orenda Charter Schools,69592,admin.orenda.tx,69593
Orland Joint Unified School District,87269,admin.orland.ca,87270
Orland Joint Unified School District,90197,admin.orlandusd.ca,90198
Orleans Parish School District,84341,admin.orleansparish.la,84342
Orofino Joint District,85337,admin.orofino.id,85338
Osage City Unif Sch Dist 420,78165,admin.osage.ks,78166
Osage County R-II School District,99457,admin.osagecounty2.mo,99458
Osage County R-I School District,98648,admin.osagecounty.mo,98649
Osage Hills Public School,97145,admin.osagehills.ok,97128
Osawatomie Unif Sch Dist 367,83859,admin.osawatomie.ks,83860
Osborne Co Unified Sd 392,77953,admin.osborne.ks,77954
Osborn Elementary District,90639,admin.osborn.az,90640
Osceola Co School District,80069,admin.osceola.fl,80070
Oskaloosa Schools Sch Dist 341,79168,admin.oskaloosa.ks,79169
Osseo Ind School District 279,65770,admin.osseo.mn,65771
Oswego Cmty Unit Sch Dist 308,81197,admin.usd308.il,81198
Oswego Unif School Dist 504,79587,admin.oswego.ks,79588
Otis-Bison Unified Sd 403,79011,admin.otisbison.ks,79012
Ottawa Unified Sch Dist 290,79664,admin.ottawa.ks,79665
Ouachita Parish School Dist,81503,admin.ouachita.la,81504
Our Lady Star of the Sea School District,99326,admin.olsss.md,99327
Overton Co Schools,84788,admin.overton.tn,84789
Overton Ind School District,39322,admin.overton.tx,39323
Owasso Public Schools,87383,admin.owassops.ok,87384
Owens Valley Unified School District,97443,admin.owensvalley.ca,97417
Oxford City School District,76122,admin.oxfordcity.al,76123
Oxford Public Schools,92265,admin.oxford.ma,92266
Oxford School District,99986,admin.oxford.ms,99987
Oxford Unified School Dist 358,79330,admin.oxford.ks,79331
Oxnard School District,85174,admin.oxnard.ca,85175
Ozark Public School District,83697,admin.ozark.ar,83698
Paducah Ind School District,60256,admin.paducah.tx,60257
Paint Creek Ind Sch District,65197,admin.paintcreek.tx,65198
Paint Rock Ind School District,51850,admin.paintrock.tx,51851
Pajaro Valley Unif Sch Dist,84699,admin.pajarovalley.ca,84700
Palacios Isd,19516,admin.palacios.tx,19517
Palco Unif School District 269,80072,admin.usd269.ks,80073
Palestine Independent School District,17585,admin.palestine.tx,17586
Palestine Wheatley Sch Dist,83660,admin.palestinewheatley.ar,83661
Palm Beach County School District,34787,admin.palmbeach.fl,34788
Palmer Ind School District,66016,admin.palmer.tx,66017
Palmerton Area School District,4350,admin.palmerton.pa,4689
Palm Springs Unif School Dist,81664,admin.palmsprings.ca,81665
Palo Alto Unified School District,86804,admin.paloalto.ca,86805
Paloma Elem School Dist 94,83951,admin.paloma.az,83952
Palominas Elementary Sch Dist,84236,admin.palominas.az,84237
Palo Pinto Ind Sch Dist 906,53350,admin.palopinto.tx,53351
Pamlico County Schools,88005,admin.pamlico.nc,88006
Pampa Ind School District,40090,admin.pampa.tx,40091
Pan American Academy Charter School,98946,admin.panamcs.pa,
Pan American Academy Charter School,98947,admin.panama.pa,98948
Pan American Academy Charter School,98949,admin.panam.pa,98950
Pangburn School District 7309,83658,admin.pangburn.ar,83659
Panhandle Isd,19285,admin.panhandle.tx,19286
Panther Creek Cons Ind Sd,73729,admin.panthercreek.tx,73730
Paola Unif Sch District 368,84094,admin.paola.ks,84095
Paradise Ind School District,48853,admin.paradise.tx,48854
Paradise Unified Sch Dist 399,83794,admin.paradise.ks,83795
Paradise Valley Unified District,96767,admin.paradisevalley.az,96768
Paris City Special School District,87153,admin.paris.tn,87154
Paris Ind School District,45849,admin.paris.tx,45850
Park City School District,79031,admin.parkcity.ut,79032
Park Co School District 6,82062,admin.park.wy,82063
Park Co School District R-2,80120,admin.park.co,80121
Park Hill School District,68184,admin.parkhill.mo,68185
Parkland School District,63597,admin.parkland.pa,63617
Parma School District 137,83804,admin.parma.id,83805
Parshall School District 3,78191,admin.parshall.nd,78172
Parsons Unif School Dist 503,78881,admin.parsons.ks,78882
Pasadena Ind School District,46209,admin.pasadena.tx,46210
Pascagoula-Gautier ELC,102490,admin.pascagoula-gautierelc.ms,102491
Pascagoula-Gautier School District,99990,admin.pascagoula-gautier.ms,99991
Pasco County School District,2106,admin.pasco.fl,4690
Pasco School District 1,82835,admin.pasco.wa,82836
Passaic City School District,89815,admin.passaic.nj,89816
Pass Christian ELC,102492,admin.passchristianelc.ms,102493
Pass Christian Public School District,100122,admin.passchristian.ms,100123
Paterson Public Schools,90945,admin.paterson.nj,90946
Pathways Academy,31547,admin.pathways.ct,31548
Patrick Co Public School Dist,61856,admin.stuart.va,61857
Patterson Joint Unif Sch Dist,77248,admin.patterson.ca,77249
Patton Springs ISD,19518,admin.pattonsprings.tx,19519
Paulding County School District,31447,admin.paulding.ga,31448
Pauls Valley Public Schools,98984,admin.pvps.ok,98985
Pawhuska School District 2,83196,admin.pawhuska.ok,83197
Pawnee Ind School District,54929,admin.pawnee.tx,54930
Pawnee School District No. Re-12,86947,admin.pawnee.co,86948
Payette Joint School Dist 371,83226,admin.payette.id,83227
Peabody-Burns Usd 398,78336,admin.peabodyburns.ks,78337
Peace Valley Charter School Inc,92250,admin.peacevalley.id,92251
Peach County School District,89678,admin.peach.ga,89679
Pearland Ind School District,60277,admin.pearland.tx,60278
Pearl Public School District,100002,admin.pearl.ms,100003
Pearl River County School District,100499,admin.pearlriver.ms,100500
Pearsall Ind School District,59096,admin.pearsall.tx,59097
Peaster Isd,14666,admin.peaster.tx,14667
Pecos-Barstow-Toyah Ind Sd,56276,admin.pbtisd.tx,56277
Pecos Cyber Academy District,97320,admin.pecoscyberacademy.nm,97321
Pecos Cyber Academy District - do not use,97317,admin.connectionsacademy.nm,97318
Pecos Ind School District 21,80634,admin.pecos.nm,80635
Pegasus Charter,68469,admin.pslas.tx,68470
Pelham City School District,24265,admin.pelham.ga,24266
Penasco Ind School District,80354,admin.penasco.nm,80355
Pender County Schools,88089,admin.pendercounty.nc,88090
Pendergast Elem Sch Dist 92,84915,admin.pendergast.az,84916
Penelope Ind School District,68288,admin.penelope.tx,68289
Penn Hills School District,4050,admin.phsd.pa,4692
Pennsville Township School District,85743,admin.pennsville.nj,85744
Pennsylvania Dept Of Education,65773,admin.llacs.pa,65774
Peoria Unified School District,6598,admin.peoria.az,6599
Perquimans Co School District,74175,admin.perquimans.nc,74176
Perrin-Whitt Cons Ind Sch Dist,40076,admin.perrinwhitt.tx,40077
Perris Elementary School District,91118,admin.perris.ca,91119
Perry County School District,100006,admin.perrycounty.ms,100007
Perry-Lecompton Usd 343,79546,admin.usd343.ks,79547
Perrysburg Exempted Village Sd,68828,admin.perrysburg.oh,68829
Perryton Isd,22465,admin.perryton.tx,22466
Person Co School District,67588,admin.person.nc,67589
Petal ELC,102494,admin.petalelc.ms,102495
Petal School District,100010,admin.petal.ms,100011
Petersburg City Public Schools,19046,admin.petersburg.va,19047
Petersburg Ind School District,67931,admin.petersburg.tx,67932
Petrolia Ind School District,40909,admin.petrolia.tx,40910
Pettus Ind School District,65927,admin.pettus.tx,65928
Pewitt Cisd,19520,admin.pewitt.tx,19521
Pflugerville Ind Sch District,56721,admin.pflugerville.tx,56722
Pharr-San Juan-Alamo Isd,19532,admin.psja.tx,19533
Phenix City Public Schools,90890,admin.phenix.al,90891
Philadelphia City School District,4333,admin.philadelphia.pa,4691
Philadelphia Public School District,100013,admin.philadelphia.ms,100014
Philippines,37627,admin.private.ph,
Philipsburg Osceola Area School District,19526,admin.poasd.pa,19527
Phillipsburg Unif Sch Dist 325,78651,admin.phillipsburg.ks,78652
Phoenix Academy INC,72384,admin.pahp.nc,72385
Phoenix Elementary District,91054,admin.phxelem.tx,91055
Phoenix Elementary District,95173,admin.phoenixelementary.az,95174
Phoenix-Talent School Dist 4,81444,admin.phoenixtalent.or,81445
Picacho Elementary Sch Dist 33,19522,admin.picacho.az,19523
Picayune ELC,102496,admin.picayuneelc.ms,102497
Picayune School District,100115,admin.picayune.ms,100116
Pickens County Schools,91280,admin.pickens.al,91281
Piedmont City School District,68609,admin.piedmont.al,68610
Piedmont Public Schools,86952,admin.piedmont.ok,86953
Pierce Co School District,54490,admin.pierce.ga,54491
Pike-Delta-York Local Sch Dist,79755,admin.pdys.oh,79756
Pilot Point Ind School Dist,41938,admin.pilotpoint.tx,41939
Pima Unified Sch Dist 6,82048,admin.pima.az,82049
Pinckney Cmty School District,68675,admin.pinckney.mi,68676
Pinecrest Academy of Idaho,93845,admin.pinecrestcs.id,93846
Pinecrest Academy of Lewiston,98982,admin.pinecrestlewiston.id,98983
Pinellas Co Schools,35167,admin.pinellas.fl,35168
Pine Tree Isd,19524,admin.pinetree.tx,19525
Pineywoods Community Academy,61861,admin.pcacharter.tx,61862
Pioneer Regional School Corp,70764,admin.pioneer.in,70765
Piper Unified Sch Dist 203,82873,admin.piper.ks,82874
Pitt Co School District,71980,admin.pitt.nc,71981
Pittsburgh Public Schools,4528,admin.pittsburghsd.pa,4693
Pittsburg Ind School District,58237,admin.pittsburg.tx,58238
Pittsburg School District 63,74868,admin.pittsburg.ok,74869
Pittsburg Unified School Dist,79583,admin.pittsburg.ca,79584
Pittsburg Unif Sch Dist 250,78384,admin.pittsburg.ks,78385
Pittsville School District,82160,admin.pittsville.wi,82161
Placentia Yorba Linda Usd,83109,admin.pyl.ca,83110
Plainfield Cmty School Dist,58637,admin.pcsd.in,58638
Plainfield Public Schools,31207,admin.plainfield.nj,31208
Plains Ind School District,59216,admin.plains.tx,59236
Plainview Ind School Dist,43649,admin.plainview.tx,43650
Plainville Unif Sch Dist 270,80032,admin.usd270.ks,80033
Plano Isd,30924,admin.plano.tx,30925
Plaquemines Parish Sch Dist,82583,admin.plaquemines.la,82584
Plato Academy Charter Schools,82937,admin.platoacademy.fl,82938
Platte Canyon School District No. 1,91944,admin.plattecanyon.co,91945
Platte County School District #2,95791,admin.platteco2.sd,95792
Platte-Geddes School Dist 11-5,68593,admin.plattegeddes.sd,68594
Pleasant Grove Isd School Dist,66474,admin.pgisd.tx,66475
Pleasant Local School District,97818,admin.pleasantlocalschools.oh,97838
Pleasanton Isd,17846,admin.pleasanton.tx,17847
Pleasanton Unified School District,91245,admin.pleasanton.ca,91246
Pleasanton Unif Sch Dist 344,81534,admin.pleasanton.ks,81535
Pleasant Valley Elem District,85483,admin.pleasantvalley.id,85484
Pleasant Valley School District,8186,admin.pleasantvalley.pa,8187
Pleasant View Elem Sch Dist R6,66262,admin.pleasantview.mo,66263
Plemons-Stinnett-Phillips Consolidated ISD,19534,admin.psp.tx,19535
Plummer-Worley School Dist 44,83072,admin.plummerworley.id,83073
Pocatello-Chubbuck District 25,83076,admin.pocatellochubbuck.id,83077
Point Isabel Isd,19528,admin.portisabel.tx,19529
Pojoaque Valley School Dist,80977,admin.pojoaque.nm,80978
Poland Ministry of Education - Admin Domain,96858,admin.poland.pl,96860
Polk County School District,4578,admin.polk.fl,4694
Polk County Schools,88010,admin.polk.nc,88011
Polson School District 23,55839,admin.polson.mt,55840
Pomona Unified School District,91740,admin.pomonausd.ca,91741
Pomona Unified School District,91960,admin.pomona.ca,91961
Ponca City Public Schools,86316,admin.ponca.ok,86317
Ponder Ind School District,44249,admin.ponder.tx,44250
Pontiac City School District,80124,admin.pontiac.mi,80125
Pontotoc City Schools,99917,admin.pontotoccity.ms,99918
Pontotoc County School District,100274,admin.pontotoccounty.ms,100275
Pontotoc ELC,102498,admin.pontotocelc.ms,102499
Poolville Isd,21585,admin.poolville.tx,21586
Pope Co Cmty Unit Sch Dist 1,77011,admin.pope.il,77012
Poplar School District 9-9b,56184,admin.poplar.mt,56185
Poplarville Separate School District,100515,admin.poplarville.ms,100516
Portales Municipal Sd 57,80380,admin.portales.nm,80381
Port Aransas Ind Sch District,46189,admin.portaransas.tx,46190
Port Arthur Ind School Dist,52310,admin.portarthur.tx,52311
Porterville Unified School District,26145,admin.porterville.ca,26146
Portland Public School District,97991,admin.portlandpsd.mi,98006
Portland School District 1,75657,admin.portland.or,75658
Port Neches Groves Isd,18125,admin.portnechesgroves.tx,18126
Posen-Robbins Elementary School District 143-5,86546,admin.posenrobbins.il,86547
Post Falls School District 273,82894,admin.postfalls.id,82895
Post Ind School District,43849,admin.post.tx,43850
Poteau Public Schools,89629,admin.poteau.ok,89630
Poteet Ind School District,57676,admin.poteet.tx,57677
Poth Ind School District,40829,admin.poth.tx,40830
Potlatch School District,85486,admin.potlatch.id,85487
Potomac Elem,85284,admin.potomac.mt,85285
Pottsboro Ind School District,39969,admin.pottsboro.tx,39970
Poudre School District,90426,admin.poudre.co,90427
Poway Unified School District,79569,admin.poway.ca,79570
Powers Lake 27 School District,89519,admin.powerslake.nd,89520
Prairie du Rocher CCSD #134,19530,admin.prairiedurocher.il,19531
Prairie Elementary District,85461,admin.ped.id,85462
Prairie Grove School District,90472,admin.prairiegrove.ar,90473
Prairie Hills Usd 113,80009,admin.prairiehills.ks,80010
Prairie Lea Ind School Dist,75643,admin.prairielea.tx,75644
Prairie School District No. Re-11,98743,admin.prairiesd.co,98744
Prairie Valley Isd,50124,admin.prairievalleyisd.tx,50125
Prairie View Unif Sch Dist 362,77908,admin.prairieview.ks,77909
Prairiland Ind School District,43450,admin.prairiland.tx,43451
Prairiland Ind School District,69012,admin.prariland.tx,
Pratt Unified School Dist 382,79613,admin.pratt.ks,79614
Premont Ind School District,58677,admin.premont.tx,58678
Prentiss County School District,100284,admin.prentiss.ms,100285
Presidio Ind School District,56719,admin.presidio.tx,56720
Preston School Dist 201,82777,admin.preston.id,82778
Priddy Ind School District,56316,admin.priddy.tx,56317
Prime Prep Academies,68894,admin.primeprep.tx,68895
Primero Reorganized School District No. 2,98519,admin.primero.co,98520
Prince Edward County Public Schools,19412,admin.pecps.va,19413
Prince George's County Public Schools,6594,admin.pgcps.md,6595
Princeton Ind School Dist,43609,admin.princeton.tx,43610
Princeton Public School District,89619,admin.princeton.nj,89620
Prince William County Public Schools,21526,admin.pwcs.va,21527
Pringle-Morse Cisd,22806,admin.pringlemorse.tx,22807
Proctor Ind School Dist 704,79646,admin.proctor.mn,79647
Progreso Ind School District,63561,admin.progreso.tx,63538
Project Transformation - North Texas,89843,admin.projecttransformation.tx,89844
Promesa Academy Charter School,96550,admin.promesaacedemy.tx,96551
Promesa Academy Charter School Admin,96553,admin.promesaacademy.tx,96554
Promesa Public Schools,56206,admin.promesaps.tx,56207
Promise Community Schools,24186,admin.promise.tx,24187
Prospect Hts School Dist 23,80076,admin.prospect.il,80077
Prosper ISD,5996,admin.prosper.tx,5997
Providence Schools,3536,admin.providence.ri,4695
Provision-Inc,68155,admin.provision.tx,68156
Provo City School District,64218,admin.provo.ut,64219
Pryor Elementary District,98867,admin.pryorelementary.mt,98868
Pryor Public Schools,86874,admin.pryor.ok,86875
Pryor School District 2 & 3,74001,admin.pryor.mt,74002
Pueblo Charter School For The Arts And Sciences (D,101717,admin.pueblocharter.co,101718
Pueblo City School District 60,79736,admin.pueblocsd60.co,79737
Pulaski Co Special School Dist,81295,admin.pulaski.ar,81296
Putnam City Public Schools,90394,admin.putnam.ok,90395
Putnam Co School District,65178,admin.putnam.tn,65179
Putnam County Schools,3936,admin.putnam.fl,4696
QA TESTERS DOMAIN,99292,admin.qadomain,99293
Quanah Ind School District,41165,admin.quanah.tx,41166
Queen Annes Co Public Sd,63397,admin.qacps.md,63398
Queen City Ind School District,48593,admin.queencity.tx,48594
Quemado Ind School District 2,80739,admin.quemado.nm,80740
Questa Ind School District,80629,admin.qisd.nm,80630
Quinlan Ind School District,38729,admin.quinlan.tx,38730
Quinter Unif School Dist 293,84448,admin.quinter.ks,84449
Quipus,90673,admin.quipus.mx,90674
Quitman Consolidated School District,93043,admin.quitman.ms,93044
Quitman County School District,86812,admin.quitman.ga,86813
Quitman County School District,100496,admin.quitmancounty.ms,100497
Quitman Ind School District,47372,admin.quitman.tx,47373
Quitman School District 21,83905,admin.quitman.ar,83906
Rabun Co School District,84557,admin.rabun.ga,84558
Racine Unified School District,71880,admin.racine.wi,71881
Radford City School District,73549,admin.radford.va,73550
Rains Ind School District,49709,admin.rains.tx,49710
Ralls Ind School District,46050,admin.ralls.tx,46051
Ramirez Common School District,57756,admin.rcsd.tx,57757
Ranch Academy,42729,admin.ranchacademy.tx,42730
Randolph Co School District,82322,admin.randolph.ga,82323
Randolph County Schools,87951,admin.randolphcounty.nc,87952
Randolph Field Independent School District,58776,admin.randolphfieldisd.tx,58777
Ranger Ind School District,42109,admin.ranger.tx,42110
Rankin County School District,100324,admin.rankin.ms,100325
Rankin ELC,102500,admin.rankinelc.ms,102501
Rankin Ind School District,64397,admin.rankin.tx,64398
Rapoport Academy Public School,58029,admin.rapoport.tx,58030
Rappahannock County Public Schools,34607,admin.rappahannock.va,34608
Raton Public Schools,80618,admin.raton.nm,80619
Rattan Public Schools,96037,admin.rattan.ok,96038
Raul Yzaguirre School For Success,66757,admin.tejanocenter.tx,
Raul Yzaguirre School For Success,66758,admin.ryss.tx,66759
Ravendale-Termo Elem Sch Dist,82022,admin.ravendaletermo.ca,82023
Ravenswood City Elementary School District,86749,admin.ravenswood.ca,86750
Rawlins County Usd 105,78876,admin.rawlins.ks,78877
Raymond School District,93248,admin.raymond.wa,93249
Raymondville Ind Sch Dist,39489,admin.raymondville.tx,39490
Raytown School District C2,66302,admin.raytown.mo,66303
Reading Public Schools,89464,admin.reading.ma,89465
Reading School District,82458,admin.reading.pa,82459
Reagan Co Ind School District,51252,admin.reagancountyisd.tx,51253
Recovery School District,26587,admin.cs.la,
Recovery School District,40330,admin.recovery.la,40331
Redbank Valley Sd,4219,admin.redbank.pa,4697
Red Clay Consolidated School District,15626,admin.redclay.de,15627
Redding School District,89040,admin.redding.ca,89041
Redding School District,90343,admin.redding.ct,90344
Red Lake County Central Public Schools,97029,admin.redlakecounty.mn,97030
Redlands Unified School District,20966,admin.redlands.ca,20967
Red Lick Isd,19536,admin.redlick.tx,19537
Redmond School District 2J,91761,admin.redmond.or,91762
Red Oak Ind School District,40623,admin.redoak.tx,40624
Redwater Ind Sch District,39994,admin.redwater.tx,39995
Redwood City School District,18665,admin.redwoodcity.ca,18666
Reeds Creek Elementary School District,98762,admin.reedscreek.ca,98763
Refugio Ind School District,50409,admin.refugio.tx,50410
Regional School District 9,91841,admin.regional9.ct,91842
Reimagine Prep Charter School,101637,admin.rpc.ms,101638
Remington Unif School Dist 206,84107,admin.remington.ks,84108
ReNEW Charter Management,65645,admin.renew.no,65646
ReNEW Charter Management,72902,admin.renew.la,72903
Renwick Unified Sch Dist 267,77703,admin.renwick.ks,77704
RePublic Charter Schools,101657,admin.republiccs.ms,101658
Republic Co Unif Sch Dist 109,84198,admin.republic.ks,84199
Research Domains,80103,admin.research,80104
Reserve Ind School District 1,80746,admin.reserve.nm,80747
RESP,71840,admin.nd,
Responsive Education Solutions,53510,admin.responsiveed.tx,53511
RestoreDomain20221104,97459,admin.restore.gg,97446
Reynolds School District 7,69493,admin.reynolds.or,69494
RFP District Level,99331,admin.rfp.us,99332
Rhea Co School District,76542,admin.rhea.tn,76543
Rhode Island Dept Of Education,68826,admin.learningcommunity.ri,68827
Rialto Unified School District,85964,admin.rialto.ca,85965
Ricardo Isd,16906,admin.ricardo.tx,16907
Rice Cisd,20051,admin.ricecisd.tx,20052
Rice Ind School District,47590,admin.rice.tx,47591
Richards Ind School District,62116,admin.richards.tx,62117
Richardson Isd,505,admin.richardson.tx,19685
Richardton-Taylor Sch Dist 34,38452,admin.richardtontaylor.nd,38453
Richfield School District,85541,admin.richfield.id,85542
Richland Co School District 2,67105,admin.richland2.sc,67106
Richland School District,69392,admin.richland.ca,69393
Richland Springs Ind Sch Dist,42709,admin.richlandsprings.tx,42710
Richmond City School District,15606,admin.richmond.va,15607
Richmond Co School Dist,60717,admin.richmondco.va,60718
Richmond Co School Dist,61818,admin.richmond.ga,61819
Richmond County Schools,89067,admin.richmond.nc,89068
Richton School District,100016,admin.richton.ms,100017
Riesel Ind School District,66174,admin.riesel.tx,66175
Rio Grande City Ind Sch Dist,44912,admin.rgccisd.tx,44913
Rio Hondo Ind School District,56880,admin.riohondo.tx,56881
Rio Rancho Public School Dist,80411,admin.riorancho.nm,80412
Rio School District,17626,admin.rio.ca,17627
Rio Vista Isd,19538,admin.riovista.tx,19539
Ripley County R-III School District,99420,admin.ripley.mo,99421
Ririe Joint District,85159,admin.ririe.id,85160
Rising Star Ind Sch Dist,51696,admin.risingstar.tx,51697
Rising Sun-Ohio County Com,94003,admin.risingsun.in,94004
Ritenour School District,92329,admin.ritenour.mo,92330
Riverbank Unified School District,85831,admin.riverbank.ca,85832
Rivercrest Ind School District,63946,admin.rivercrest.tx,63947
River Road Ind School Dist,65660,admin.rrisd.tx,65661
Riverside Public Sch Dist 96,76614,admin.riverside96.il,76615
Riverside Public School,99862,admin.riverside.ok,99863
Riverside School District,91293,admin.riverside.ar,91294
Riverside Unified Sch Dist,79602,admin.rusd.ca,79603
Riverside Usd 114,79228,admin.riverside.ks,79229
Riverton Unified Sd 404,79593,admin.riverton.ks,79594
Riviera Ind School District,53809,admin.riviera.tx,53810
Roanoke City Public Schools,15946,admin.roanokecity.va,15947
Roanoke Co Public School Dist,73586,admin.roanokeco.va,73587
Roanoke Rapids City Schools,88464,admin.roanokerapids.nc,88465
Roaring Fork Sch Dist Re 1,77930,admin.roaringfork1.co,77931
Robbinsdale Ind Sch Dist 281,75042,admin.robbinsdale.mn,75043
Robert Lee Ind School District,41390,admin.robertlee.tx,41391
Robeson County Schools,89219,admin.robeson.nc,89220
Robinson Ind School District,61696,admin.robinson.tx,61697
Robla School District,84891,admin.robla.ca,84892
Robstown Ind School District,59498,admin.robstown.tx,59499
Roby Cons Ind School District,66468,admin.roby.tx,66469
Rochelle Ind School District,68388,admin.rochelle.tx,68389
Rochester Area School District,19542,admin.rochester.pa,19543
Rochester City School District,93280,admin.rochester.ny,93281
Rochester Schools,19540,admin.rochester.nh,19541
Rock County Public Schools,99725,admin.rcps.ne,99726
Rock Creek Public Schools,99248,admin.rockcreek.ok,99249
Rock Creek Unif Sch Dist 323,78207,admin.rockcreek.ks,78208
Rockdale County Public School District,68509,admin.rockdale.ga,68510
Rockdale Ind School District,42990,admin.rockdale.tx,42991
Rock Falls Elementary School District #13,17186,admin.rockfalls.il,17187
Rock Hills Usd 107,79638,admin.usd107.ks,79639
Rockingham Co School District,80029,admin.rockingham.nc,80030
Rockland School District,85761,admin.rockland.id,85762
Rocklin Unified Sch District,82263,admin.rocklin.ca,82264
Rockport-Fulton Independent School District,35791,admin.aransas.tx,35792
Rocksprings Ind School Dist,64657,admin.rocksprings.tx,64658
Rockwall Ind School District,43869,admin.rockwall.tx,43870
Rocky Boy 7-8 School,74013,admin.rocky.mt,74014
Rocky Boy School District 87,56008,admin.rockyboy.mt,74011
Rocky Mountain Development Council,33787,admin.rmdc.mt,33788
Roff School District 37,27227,admin.roff.ok,27228
Rogers Independent School District,91058,admin.rogers.tx,91059
Rogersville City Elem Sch Dist,75249,admin.rogersville.tn,75250
Rolla Unified School Dist 217,78245,admin.rolla.ks,78246
Rolling Hills Public Charter School,89260,admin.rollinghills.id,89261
Roma Ind School District,60699,admin.roma.tx,60700
Roman Catholic Diocese Of Dallas,21125,admin.rcdod.tx,21126
Rome City School District,82165,admin.rome.ga,82166
Roosevelt Ind School District,39532,admin.roosevelt.tx,39533
Roosevelt School District 66,82268,admin.roosevelt.az,82269
Roosevelt Union Free Sch Dist,82139,admin.roosevelt.ny,82140
Ropes Isd,21426,admin.ropes.tx,21427
Roscoe ISD,19544,admin.roscoe.tx,19545
Rosebud Lott Ind School Dist,61583,admin.rlisd.tx,61584
Rose Bud School District 35,82605,admin.rosebud.ar,82606
Rose Hill Unif School Dist 394,84963,admin.rosehill.ks,84964
Rosemead Sd,41449,admin.rosemead.ca,41374
Rosemount-Apple Vly-Eagan 196,74043,admin.district196.mn,74024
Rosendale-Brandon School District,97878,admin.rosendalebrandon.wi,97898
Roses In Concrete,86901,admin.roses.ca,86902
Rossville Consolidated School District,19546,admin.rossville.in,19547
Roswell ISD,80360,admin.roswell.nm,80361
Rotan Ind School District,66269,admin.rotan.tx,66270
Round Rock Isd,51769,admin.roundrock.tx,51771
Rowan-Salisbury School Dist,73385,admin.rssd.nc,73386
Rowland Unified Sch District,83986,admin.rowland.ca,83987
Roxton Ind School District,51867,admin.roxton.tx,51868
Royal Ind School District,49190,admin.royal.tx,
Royal Ind School District,49250,admin.royalisd.tx,49251
Royal Valley Usd 337,78978,admin.royalvalley.ks,78979
Roy School District 27,80377,admin.roy27.nm,80378
Royse City Ind School District,62036,admin.roysecity.tx,62037
Ruidoso Mun School District,75256,admin.ruidoso.nm,75257
Rule Ind School District,65748,admin.rule.tx,65749
Runge Ind School District,57456,admin.runge.tx,57457
Rural Vista Usd 481,83719,admin.ruralvista.ks,83720
Rusk Isd,8386,admin.rusk.tx,8387
Russellville School District,83730,admin.russellville.ar,83731
Rutherford Co School District,81918,admin.rutherford.tn,81919
Rutherford County Schools,88399,admin.rutherford.nc,88400
Ryal Public School,96285,admin.ryalps.ok,96286
Sabinal Ind School Dist,39250,admin.sabinal.tx,39251
Sabine Ind School District,44550,admin.sabine.tx,44551
Sabine Pass Ind School Dist,69170,admin.sabinepass.tx,69171
Sacramento City Unified School District,85244,admin.scusd.ca,85245
Sacred Heart School,6407,admin.sacredheart.dioceselafayette.in,
Saddleback Valley Unified Sd,75515,admin.svusd.ca,75516
Safford Unified School District,98499,admin.safford.az,98500
Sage International Network of Schools,94089,admin.sageins.id,94090
Saint Louis Public Schools,6613,admin.stlouis.mo,6614
Salado Ind School District,43369,admin.salado.tx,43370
Salem-Keizer School District 24J,86808,admin.salemkeizer.or,86809
Salida Del Sol,91497,admin.weldco.co,91498
Salina Public Schools,93929,admin.salina.ok,93930
Salinas City Elementary School District,86777,admin.salinascity.ca,86778
Salmon River Joint School District,85394,admin.salmonriver.id,85395
Salmon School District,85281,admin.salmon.id,85282
Saltillo ISD,19548,admin.saltillo.tx,19549
S &amp; S Cons Ind Sch District,39379,admin.sscisd.tx,39380
Sampson County,10245,admin.sampson.nc,12086
Sam Rayburn Ind School Dist,56343,admin.samrayburnisd.tx,56344
San Angelo Ind School District,43502,admin.sanangelo.tx,43503
San Antonio Catholic Schools,24365,admin.sacatholic.tx,24366
San Antonio Isd,33337,admin.sanantonio.tx,33338
San Augustine Isd,19310,admin.sanaugustine.tx,19311
San Benito Cons Ind Sch Dist,44869,admin.sanbenitocisd.tx,44870
San Bernardino City Unified Sd,72562,admin.sanbernardino.ca,72563
Sandbox Clever district,95750,admin.democlever.tx,95751
San Diego Ind Sch District,40349,admin.sandiego.tx,40350
San Diego Unified School Dist,76709,admin.sdusd.ca,76710
Sands Cons Ind School Dist,52349,admin.sandscisd.tx,52369
San Elizario Ind School Dist,54429,admin.sanelizario.tx,54430
San Felipe-Del Rio Cisd,18945,admin.sfdr.tx,18946
Sanford-Fritch Ind Sd,56817,admin.sfisd.tx,56818
Sanford School District No. 6,90265,admin.sanford.co,90266
San Francisco Unified Sch Dist,81578,admin.sanfrancisco.ca,81579
Sanger Unified School District,91801,admin.sanger.ca,91802
San Isidro Ind School District,81393,admin.sanisidro.tx,81394
San Joaquin County Charter Schools,68014,admin.sanjoaquin.ca,68015
San Jon Municipal Schools,80866,admin.sanjon.nm,80867
San Jose Unified School District,73200,admin.sanjose.ca,73201
San Juan Unified School Dist,75092,admin.sanjuan.ca,75093
San Lorenzo Unified School District,96500,admin.slzusd.ca,96501
San Luis Coastal Unif Sch Dist,80007,admin.sanluis.ca,80008
San Marcos Cons Ind Sch Dist,46592,admin.sanmarcos.tx,46593
San Marcos Unified School District,97999,admin.sanmarcosunifiedsd.ca,97980
San Mateo-Foster City Sch Dist,82837,admin.sanmateofoster.ca,82838
San Perlita Ind School Dist,51857,admin.sanperlita.tx,51858
San Ramon Valley Unified Sd,74089,admin.sanramon.ca,74090
San Saba Isd,20707,admin.sansaba.tx,20708
San Sebastian,91101,admin.sansebastian.pr,91102
San Simon Unified District,86614,admin.sansimon.az,86615
Santa Ana Unified Sch District,80056,admin.santaana.ca,80057
Santa Anna Ind School District,47330,admin.santaanna.tx,47331
Santa Barbara Unified School District,95797,admin.santababara.ca,95798
Santa Barbara Unified School District,95799,admin.santabarbara.ca,95800
Santa Cruz City Sch District,86869,admin.santacruz.ca,86870
Santa Cruz City School District,98766,admin.sccs.ca,98767
Santa Fe Isd,37951,admin.santafe.tx,37952
Santa Fe Public School Dist,80678,admin.sfps.nm,80679
Santa Fe Trail Usd 434,81671,admin.santafetrail.ks,81672
Santa Gertrudis Ind Sch Dist,41829,admin.santagertrudis.tx,41830
Santa Maria Isd,35548,admin.santamaria.tx,35549
Santa Paula Unified School District,96467,admin.santapaula.ca,96468
Santa Rosa Cons Sch Dist 8,80724,admin.srcsd.nm,80725
Santa Rosa Ind School Dist,46907,admin.santarosa.tx,46908
Santo Ind School District,76000,admin.santo.tx,76001
San Vicente Ind School Dist,61585,admin.sanvicente.tx,61586
Sapulpa Public Schools,86166,admin.sapulpa.ok,86167
Sarasota County Schools,18505,admin.sarasota.fl,18506
Satanta Unif Sch Dist 507,77735,admin.satanta.ks,77736
Saucelito Elementary School District,89043,admin.saucelito.ca,89044
Saugus Union School District,89822,admin.saugus.ca,89823
Savannah-Chatham Co Sch Dist,60280,admin.sccpss.ga,60281
Savannah-Chatham County Public School System,30428,admin.savannahchatham.ga,30429
Savoy Ind School District,51494,admin.savoy.tx,51495
Schaller-Crestland Community Schools,19426,admin.schallercrestland.ia,19427
Schertz-Cibolo-Univ City Isd,43469,admin.schertzcibolo.tx,43470
Schleicher County Isd,20386,admin.schleicher.tx,20387
School Administrative Unit 12,79377,admin.londonderry.nh,79378
School Administrative Unit 25,79374,admin.bedford.nh,79375
School Administrative Unit 37,76471,admin.manchester.nh,76472
School Board Of Highlands County,16126,admin.highlands.fl,16127
School City Of East Chicago,12567,admin.eastchicago.in,12568
School City of Hobart,103001,admin.hobart.in,103002
School Dist Of Indian River Co,73282,admin.indianriver.fl,73283
School District 481,83377,admin.481.id,83378
School District Of Hillsborough County,2021,admin.hillsborough.fl,4673
School District Of Monroe,16606,admin.monroe.wi,16607
School of Dreams Academy District,96511,admin.soda.nm,96512
School Of Excellence,47230,admin.excellence.tx,48349
School of Science & Technology,86181,admin.sst.tx,86182
School Town of Highland,96605,admin.highland.in,96606
Schulenburg Ind School Dist,50769,admin.schulenburg.tx,50770
Scotland County Schools,88825,admin.scotland.nc,88826
Scott Co School District,84181,admin.scott.va,84182
Scott Co Unif School Dist 466,80196,admin.usd466.ks,80197
Scott County ELC,102502,admin.scottcountyelc.ms,102503
Scott County School District,89001,admin.scottcounty.ms,89002
Scott County School District 1,94016,admin.scottcounty.in,94017
Scott County School District 2,93938,admin.scsd2.in,93939
Scottsdale Unif Sch Dist 48,79309,admin.scottsdale.az,79310
Scranton School District,62977,admin.ssd.pa,62978
Scranton School District 33,37787,admin.scranton.nd,37788
Screven Co School District,54470,admin.screven.ga,54471
Sculptor Charter,91709,admin.sculptorcs.fl,91710
Scurry Rosser Ind Sch District,46032,admin.scurryrosser.tx,46033
Seagraves ISD,5636,admin.seagraves.tx,5637
Sealy Independent School District,16085,admin.sealy.tx,16086
Seaman Unified Sch Dist 345,73528,admin.seamanusd.ks,73529
Searcy County School District,83908,admin.searcycounty.ar,83909
Searcy School District,83844,admin.searcy.ar,83845
Seashore Charter Schools,39452,admin.seashore.tx,39453
Seaside Heights Sch District,75743,admin.seasideheights.nj,75744
Seattle School District 1,81513,admin.seattle.wa,81514
Sedgwick Unified Sd 439,84246,admin.sedgwick.ks,84247
Sedona-Oak Creek Usd,15805,admin.sedona.az,15806
Sedro-Woolley School District,87087,admin.swsd.wa,87088
Seguin Ind School District,55592,admin.seguin.tx,55593
Sejong City,69792,admin.sejong.kr,69793
Selfridge School District 8,84886,admin.selfridge.nd,84887
Seligman Unified School District 40,97918,admin.seligmanusd40.az,97938
Seminole Co School District,75852,admin.seminole.ga,75853
Seminole County Schools,2347,admin.seminole.fl,4699
Seminole Isd,5639,admin.seminole.tx,5640
Senath-Hornersville Schools,19552,admin.shs.mo,19553
Senatobia ELC,102504,admin.senatobiaelc.ms,102505
Senatobia Municipal School District,100020,admin.senatobia.ms,100021
Sentinel Public Schools,96362,admin.sentinel.ok,96363
Sequatchie County School District,86322,admin.sequatchie.tn,86323
Ser-Nino's Charter School System,80285,admin.serninos.tx,80286
Sevastopol School District,97942,admin.sevastopol.sd,97920
Sevier Co School District,82634,admin.sevier.tn,82635
Sevier School District,20569,admin.sevier.ut,20570
Seymour Ind School District,42289,admin.seymour.tx,42290
Shakopee School District 720,79656,admin.shakopee.mn,79657
Shaler Area School District,15286,admin.shaler.pa,15287
Shallowater Ind Sch District,40149,admin.shallowater.tx,40150
Shamrock Ind School District,52669,admin.shamrock.tx,52670
Sharyland Ind School District,41249,admin.sharyland.tx,41250
Shattuck Public Schools,98581,admin.shattuck.ok,98582
Shawnee Heights Usd 450,77695,admin.snh450.ks,77696
Shawnee Mission Unified Sd 512,73560,admin.shawneemission.ks,73539
Shawnee Public Schools,87543,admin.shawnee.ok,87544
Sheboygan Area School District,97538,admin.sheboygan.wi,97558
Sheffield City School District,76116,admin.sheffield.al,76117
Shekinah/Radiance Learning Institue,59178,admin.shekinahradiance.tx,59179
Shelby City School District,73241,admin.shelbycity.oh,73242
Shelby County Schools,5815,admin.shelby.tn,5816
Shelbyville ISD,9546,admin.shelbyville.tx,9547
Sheldon Ind School District,60916,admin.sheldonisd.tx,60917
Shelley Joint District,85447,admin.shelley.id,85448
Shelton School District,85538,admin.shelton.ct,85539
Shenandoah County Public Schools,23865,admin.shenandoah.va,23866
Shepherd Ind School District,46011,admin.shepherd.tx,46012
Sherman Isd,1844,admin.sherman.tx,4700
Shiner Ind School District,61340,admin.shiner.tx,61341
Shirley School District 3,83914,admin.shirley.ar,83915
Shonto Preparatory School,19550,admin.shonto.az,19551
Shoshone Joint School Dist 312,83013,admin.shoshonejoint.id,83014
Shrewsbury School District,53209,admin.shrewsbury.ma,53210
Sidney Ind School District,73426,admin.sidney.tx,73401
Sierra Blanca Ind Sch District,67974,admin.sierrablanca.tx,67975
Sikeston R-6 School District,9106,admin.sikeston.mo,9107
Silsbee Ind School District,56636,admin.silsbee.tx,56637
Silver Cons School District,80637,admin.silver.nm,80638
Silver Lake Usd 372,79944,admin.usd372.ks,79945
Silverton Ind School District,66580,admin.silverton.tx,66581
Simms Ind School District,52169,admin.simms.tx,52170
Simpson County School District,100024,admin.simpsoncounty.ms,100025
Sinton Ind School District,40729,admin.sinton.tx,40730
Sioux City Community School District,90023,admin.siouxcity.ia,90024
Sioux Falls School Dist 49-5,67758,admin.siouxfalls.sd,67759
Sitka School District,82294,admin.sitka.ak,82295
Sivells Bend Ind School Dist,73695,admin.sivells.tx,73696
Skidmore Tynan Ind Sd,70614,admin.skidmoretynan.tx,70615
Skyline Unified Sch Dist 438,78330,admin.skyline.ks,78331
Slaton Ind School District,38050,admin.slaton.tx,38051
Slidell Ind School District,52714,admin.sllidell.tx,52715
Sloan Hendrix School District,83666,admin.sloanhendrix.ar,83667
Slocum Ind School District,43444,admin.slocum.tx,43445
Small Steps Nurturing Center,94189,admin.smallsteps.tx,94190
Smith County School District,100029,admin.smithcounty.ms,100030
Smithville Ind School Dist,39470,admin.smithville.tx,39471
Smoky Valley Usd 400,80044,admin.usd400.ks,80045
Smyer ISD,19554,admin.smyer.tx,19555
Smyth County Schools,14706,admin.smyth.va,14707
Snake River School District 52,83045,admin.snakeriver.id,83046
Snook Ind School District,39809,admin.snook.tx,39810
Snyder Ind School District,44143,admin.snyder.tx,44144
Socorro Cons School District,80776,admin.socorro.nm,80777
Socorro Isd,22326,admin.socorro.tx,22327
Soda Springs Joint District,85406,admin.sodasprings.id,85407
Soledad Unified School District,92045,admin.soledad.ca,92046
Solomon Unif School Dist 393,80207,admin.solomon.ks,80208
Somerset Ind School District,52698,admin.somerset.tx,52699
Somerville Ind School District,51989,admin.somerville.tx,51990
Somerville Public Schools,92252,admin.somerville.ma,92253
Sonoma Valley Unified School District,90711,admin.sonomavalley.ca,90712
Sonora Ind School District,41469,admin.sonora.tx,41470
Southampton Twp,35528,admin.southampton.nj,35529
South Barber Co Unified Sd 255,82148,admin.southbarber.ks,82149
South Bend Cmty Sch District,76352,admin.southbend.in,76353
South Brown Co Unif Sd 430,78241,admin.southbrown.ks,78242
South Carolina Department of Education,93588,admin.scde.sc,93589
South Carolina Public Charter School District,66743,admin.sccharter.sc,66744
Southcrest Christian School-Admin,97283,admin.southcrest.tx,97304
South Dearborn Community School Corporation,93970,admin.sdcsc.in,93971
South Delta School District,100109,admin.southdelta.ms,100110
Southeastern Local School Dist,84254,admin.southeastern.oh,84255
Southeast Fountain School Dist,77129,admin.sefschools.in,77130
Southeast Lancers Usd 247,79838,admin.usd247.ks,79839
Southeast Of Saline Usd 306,84686,admin.saline.ks,84687
Southeast Warren Community School District,102400,admin.sewarrencommunitysd.ia,102401
Southern Lyon Co Unif Sd 252,79630,admin.usd252.ks,79631
Southfield Christian School,33128,admin.scs.mi,33129
South Heart School District 9,65604,admin.southheart.nd,65605
South Huntington Union Free Sd,84725,admin.southhuntington.ny,84726
Southland Ind School District,52609,admin.southland.tx,52610
South Lemhi School District,85453,admin.southlemhi.id,85454
South Lewis Central Sch Dist,81781,admin.southlewiscentral.ny,81782
South Orange Maplewood Sd,71941,admin.somsd.nj,71942
South Panola ELC,102506,admin.southpanolaelc.ms,102507
South Panola School District,73583,admin.southpanola.ms,73584
South Pasadena Unified School District,95988,admin.spusd.ca,95989
South Pike County School District,85903,admin.southpike.ar,85904
South Pike School District,100422,admin.southpike.nm,100423
South Pike School District,100427,admin.southpike.ms,100428
South Ripley Community School Corporation,93999,admin.southripley.in,94000
South Routt School Dist R-3,76119,admin.southroutt.co,76120
South San Antonio Ind Sch Dist,46976,admin.southsanantonio.tx,46977
South Side Bee Branch Sch Dist,83669,admin.ssbb.ar,83670
Southside Ind School District,39289,admin.southside.tx,39290
South Summit School District,65795,admin.southsummit.ut,65796
South Texas Educational Technologies,52429,admin.stet.tx,52430
South Texas Ind School Dist,53290,admin.stisd.tx,53291
South Tippah School District,100034,admin.southtippah.ms,100035
Southwest Ind School District,42229,admin.southwest.tx,42230
Southwest Local School District,97956,admin.southwestlocalsd.oh,97957
Southwest Preparatory Schools,67083,admin.swprep.tx,67084
Southwest Regional Ed Co-Op,98539,admin.southwest.nm,98540
Southwest School,53049,admin.southwestschools.tx,53050
Southwest Schools,94045,admin.swschools.tx,94046
South Williamsport ASD,13965,admin.southwilliamsport.pa,13966
Spartanburg School District 4,66882,admin.spartanburg4.sc,66883
Spartanburg School District 7,67978,admin.spartanburg7.sc,67979
Spearman Ind School District,42449,admin.spearman.tx,42450
Spearville Unified Sd 381,77933,admin.spearville.ks,77934
Spiro School District 2,91232,admin.spiro.ok,91233
Splendora Isd,22726,admin.splendora.tx,22727
Spokane R-VII School District,101747,admin.spokane.mo,101748
Spotsylvania County Schools,23226,admin.spotsylvania.va,23227
Spotsylvania School District,65261,admin.ssd.va,
Spring Branch Ind Sch District,43350,admin.springbranch.tx,43351
Spring Creek Ind School Dist,38569,admin.springcreek.tx,38570
Springdale School District 50,82031,admin.springdale.ar,82032
Springer Municipal Schools,80962,admin.springer.nm,80963
Springfield Public Schools,102438,admin.springfield.ma,102439
Springfield School District,79344,admin.springfield.pa,79345
Springfield School District No. Re-4,89086,admin.springfield.co,89087
Spring Grove Asd,1470,admin.springgrove.pa,4701
Spring Hill Isd,19556,admin.springhill.tx,19557
Spring Hill Unif Sch Dist 230,81759,admin.springhill.ks,81760
Spring Isd,35189,admin.spring.tx,35190
Springlake Earth Ind Sch Dist,66226,admin.springlake.tx,66227
Springtown Isd,9526,admin.springtown.tx,9527
Spurger Ind School District,53737,admin.spurger.tx,53738
Spur Ind School District,58642,admin.spur.tx,58643
SR1 College Preparatory & STEM Academy (District),102267,admin.sr1.ms,102268
Stafford County Public Schools,22950,admin.stafford.va,22951
Stafford Municipal Sch Dist,49532,admin.smsd.tx,49533
Stamford Ind School District,48110,admin.stamford.tx,48111
Stanley-Boyd School District,82736,admin.stanleyboyd.wi,82737
Stanly County Schools,88023,admin.stanlycounty.nc,88024
Stanton Co Unif Sch Dist 452,78006,admin.stanton.ks,78007
Stanton Isd,19558,admin.stanton.tx,19559
Star Ind School District,63941,admin.star.tx,63942
Starkville ELC,102510,admin.starkvilleelc.ms,102511
Starkville Oktibbeha School District,100371,admin.starkville.ms,100372
Starkweather Sch District 44,38669,admin.starkweather.nd,38670
Starlight Galaxy School District,102207,admin.starlight.us,102208
Staunton City Schools,19229,admin.staunton.va,19230
Staunton Cmty Unit Sch Dist 6,79283,admin.staunton.il,79284
St Cecilia School Admin,96560,admin.stcstl.cs,96561
SteamLab Academy Costa,92888,admin.steamlab.ec,92889
Steel Valley School District,30868,admin.steelvalley.pa,30869
Stephenville Isd,36687,admin.stephenville.tx,36688
Sterling City Ind Sch District,39129,admin.sterling.tx,39130
Sterling Public Schools Community Unit 5,13770,admin.sterling.il,13771
Sterling Unified Sch Dist 376,78250,admin.sterling.ks,78251
St Francis Unified Sd 297,82960,admin.francis.ks,82961
Stidham Public School District,96982,admin.stidham.ok,96983
Stillwater Ind School District,82741,admin.stillwater.ok,82742
St John-Hudson Usd 350,81766,admin.stjohnhudson.ks,81767
St Jo Ind School District,49170,admin.saintjoisd.tx,49171
St. Landry Parish Sch Dist,33627,admin.stlandryparish.la,33628
St. Louis Language Immersion,79245,admin.sllis.mo,79246
St. Louis Public Schools,19560,admin.stlouiscity.mo,19561
St Lucie Co School District,73497,admin.stlucie.fl,73501
St Maries Joint School Dist 41,83051,admin.stmariesjoint.id,83052
St Matthew Catholic School District,97440,admin.stmatthew.ks,97411
Stockdale Independant School District,44789,admin.stockdale.tx,44790
Stockton USD,12245,admin.stockton.ca,12247
Stokes County Schools,88162,admin.stokes.nc,88163
Stone County School District,100503,admin.stonecounty.ms,100504
Stony Creek Joint Unified Sd,75553,admin.stonycreek.ca,75554
Stow-Munroe Falls City School District,97482,admin.stowmunroe.oh,97452
Stratford Ind School District,39132,admin.stratford.tx,39133
Strawn Ind School District,40083,admin.strawn.tx,40084
St Regis K-12 Schools,85663,admin.stregis.mt,85664
Stress Test ISD,90169,admin.stresstest.tx,90170
Strive Prep,88282,admin.strive.co,88283
Stuttgart School District 22,83911,admin.stuttgart.ar,83912
Sublette Unified Sch Dist 374,83399,admin.sublette.ks,83400
Sudan Ind School District,45889,admin.sudan.tx,45890
Suffolk City Public Schools,95588,admin.scps.va,95589
Sugar Salem Joint District 322,85052,admin.ssjd.id,85053
Sulphur Bluff Ind School Dist,49129,admin.sulphurbluff.tx,49130
Sulphur Springs Isd,19562,admin.sulphursprings.tx,19563
Summit School Dist Re-1,79860,admin.summit.co,79861
Sumter Co Public Schools,69854,admin.sumter.ga,69855
Sumter Co School District,72302,admin.sumter.fl,72303
Sumter School District,68898,admin.sumter.sc,68899
Sundown Ind School District,63437,admin.sundown.tx,63456
Sunflower Co School District,69032,admin.sunflower.ms,69033
Sunnyvale Elementary School District,85185,admin.sesd.ca,85186
Sunnyvale Ind School District,48453,admin.sunnyvale.tx,48454
Sunray Isd,19564,admin.sunray.tx,19565
Sunriver Valley,85179,admin.sunriver.mt,85180
Supervisory Union 26,86957,admin.amherst.ma,86958
Support ISD,88391,admin.support.tx,88392
Surry County Schools,88599,admin.surry.nc,88600
Susanville Rancheria Educational Program,71140,admin.srep.ca,71141
Sussex County Public Schools,19986,admin.sussex.va,19987
Sutton School District,35287,admin.sutton.ma,35288
Swain County School District,16885,admin.swain.nc,16886
Swansea Public Schools,92340,admin.swansea.ma,92341
Swan Valley School District 92,83166,admin.swanvalley.id,83167
Swedeborg R-III School District,98975,admin.swedeborg.mo,98976
Sweeny Ind School District,40078,admin.sweeny.tx,40079
Sweet Home Independent School District,97373,admin.sweethome.tx,97374
Sweet Home School District 55,82428,admin.sweethome.or,82429
Sweetwater Ind Sch District,55630,admin.sweetwater.tx,55631
Sylvan Unified Sch Dist 299,81365,admin.sylvan.ks,81366
Syracuse City School District,83184,admin.syracuse.ny,83185
Syracuse Unified Sch Dist 494,84761,admin.susd494.ks,84762
System Contact Admin,90686,admin.contact.xc,90687
Tackle Summer Slide,82942,admin.tss.tx,82943
Tackle Tomorrow,75633,admin.tackletomorrow.tx,75634
Tacoma School District 10,77350,admin.tacoma.wa,77351
Taft Ind School District,39909,admin.taft.tx,39910
Tahlequah Public Schools,93468,admin.tahlequah.ok,93469
Tahoe Truckee Unified Sch Dist,68250,admin.ttusd.ca,68251
Tahoka Ind School District,44369,admin.tahoka.tx,44370
Tallahatchie ELC,102508,admin.telaelc.ms,102509
Taloga Public Schools,98740,admin.talogapublicschools.ok,98741
Taos Municipal School District,80594,admin.taos.nm,80595
Tarkington Ind School District,61097,admin.tarkington.tx,61098
Tarrant City Schools,91202,admin.tarrant.al,91203
Tate County School District,100048,admin.tatecounty.ms,100049
Tattnall Co School District,82211,admin.tattnall.ga,82212
Tatum Ind School District,64637,admin.tatum.tx,64638
Tatum School District,80885,admin.tatum.nm,80886
Taylor Isd,19566,admin.taylor.tx,19567
Taylor's Crossing Public Charter District,97038,admin.taylorcrossing.id,97039
Tea,37852,admin.tea.tx,37854
Teague Ind School District,49652,admin.teague.tx,49653
Tekoa Academy of Accelerated Studies (District),98820,admin.tekoaacademy.tx,98821
Tekoa Charter Schools,77013,admin.tekoa.tx,77014
Telluride School District R-1,79623,admin.telluride.co,79624
Temple Education Center,60836,admin.educentertemple.tx,60837
Temple Ind School District,45371,admin.temple.tx,45372
Tenaha Ind School District,46989,admin.tenaha.tx,46990
Terlingua Common Sch District,74665,admin.terlingua.tx,74666
Terrell Co Ind School District,65974,admin.tcisd.tx,65975
Terrell County School District,88798,admin.terrell.ga,88799
Terrell Isd,2244,admin.terrell.tx,4628
Test Ditrict for AWS testing,98760,admin.aws.new,98761
Teton School District 401,83064,admin.teton.id,83065
Texarkana Ind School District,46944,admin.texarkana.tx,46945
Texas,14210,admin.tx,87283
Texas Charter Schools,56110,admin.cs.tx,
Texas City Ind School District,61916,admin.texascity.tx,61917
Texas Dept Of Education,58517,admin.sfaucs.tx,58518
Texas Dept Of Education,61977,admin.aalinc.tx,61978
Texas Dept Of Education,64019,admin.ccms.tx,64020
Texas Dept Of Education,64242,admin.littleelmcharter.tx,
Texas Dept Of Education,65480,admin.manara.tx,65481
Texas Dept Of Education,65801,admin.rhodesschool.tx,65822
Texas Dept Of Education,65983,admin.gbprep.tx,65984
Texas Dept Of Education,66103,admin.smacs.tx,66104
Texas Dept Of Education,68819,admin.bmi.tx,68820
Texas Dept Of Education,73574,admin.upliftheights.tx,73575
Texas Dept Of Education,74524,admin.huston.tx,74525
Texas Empowerment Academy,46150,admin.empowermentacademy.tx,46151
Texas Leadership Academies Tlc,73576,admin.tlca.tx,73577
Texas Preparatory Schools,67542,admin.texasprep.tx,67543
Texas Private Schools,47610,admin.txprivate.tx,
Texas Serenity Academy,68709,admin.serenity.tx,68710
Texas Serenity Academy (District),89850,admin.tsa.tx,89851
Texhoma Ind School District,74744,admin.texhoma.tx,74745
Texico Municipal Sch District,80915,admin.texico.nm,80916
Texline Isd School Dist,55649,admin.texline.tx,55650
The Brook Hill School,97978,admin.brookhill.tx,97979
The Goddard School,91200,admin.goddard.us,91201
The Goddard School-Oviedo-FL,96985,admin.goddard.fl,96986
The Primary School,83561,admin.primary.ca,83562
The School District of Philadelphia,92129,admin.pnn4.pa,92130
The School Zone,86358,admin.schoolzone.tx,86359
The Varnett Public School,84423,admin.varnett.tx,84424
The Village Academy,29047,admin.dccharter.dc,
The Village Academy,29055,admin.dc,
Thomas Co School District,76094,admin.thomas.ga,76095
Thomas Jefferson Charter Schools,100747,admin.jeffersoncs.id,100748
Thomasville City School Dist,68525,admin.tcitys.ga,68526
Thomasville City Schools,87970,admin.thomasvillecity.nc,87971
Thompson Education,93253,admin.thompson.or,93254
Thompson School District,99604,admin.thompson.co,99605
Thompsonville Cmty Usd 174,71361,admin.thompsonville.il,71362
Thorndale Ind School District,64597,admin.thorndale.tx,64598
Thrall Ind School District,50314,admin.thrall.tx,50315
Three Creek Jt Elem District,85188,admin.threecreek.id,85189
Three Rivers Ind School Dist,41157,admin.threerivers.tx,41158
Three Rivers Local School District,19568,admin.threerivers.oh,19569
Three Rivers School District,69157,admin.threerivers.or,69158
Three Way Ind School District,45609,admin.twisd.tx,45610
THRIVE Community District,102346,admin.thrive.nm,102347
Throckmorton Ind School Dist,68672,admin.throckmorton.tx,68673
Thunder Ridge Unified Sd 110,77770,admin.thunderridge.ks,77771
Tidehaven Ind School District,61843,admin.tidehaven.tx,61844
Tift Co School District,66065,admin.tift.ga,66066
Tigard-Tualatin School District 23J,91499,admin.tigardtualatin.or,91520
Tillamook School District 9,84185,admin.tillamook.or,84186
Timpson Ind School District,46941,admin.timpson.tx,46942
Tioga Ind School District,49634,admin.tioga.tx,49635
Tishomingo County Special Mun School District,90855,admin.tishomingo.ms,90856
Tishomingo Public Schools,90397,admin.tishomingo.ok,90398
Today Foundation Schools,63659,admin.today.tx,64678
Tolar Ind School District,45755,admin.tolar.tx,45756
Toledo Public Schools,19570,admin.toledo.oh,19571
Tomball Isd,19572,admin.tomball.tx,19573
Tom Bean Isd,19574,admin.tombean.tx,19575
Tonganoxie Unif Sch Dist 464,78855,admin.tonganoxie.ks,78856
Topeka Unified School Dist 501,74917,admin.topeka.ks,74918
Tornillo Ind School District,46250,admin.tornillo.tx,46251
Towns Co School District,79164,admin.towns.ga,79165
Traders Point Christian Academy,24825,admin.tpca.in,24846
Transylvania County Schools,88576,admin.transylvania.nc,88577
Traverse City Area Public Schools,19576,admin.traversecity.mi,19577
TRECA Digital Academy Admin,80224,admin.treca.oh,80225
Trent Ind School District,64817,admin.trent.tx,64818
Trenton Ind School District,57616,admin.trenton.tx,57617
Trenton School District,69254,admin.trenton.nj,69255
Trenton Ssd,6278,admin.trenton.tn,6279
Treynor Community School District,102460,admin.treynorcomminity.ia,102461
Tri-Co School Corporation,58031,admin.trico.in,58032
Trinidad Ind School District,43773,admin.trinidad.tx,43774
Trinidad School District 1,86966,admin.trindad.co,86967
Trinity Basin,21245,admin.trinitybasin.tx,21246
Trinity Charter School,65673,admin.trinity.tx,65674
Trinity Christian Schools,96730,admin.tcs.tx,96731
Trinity Ind School District,67222,admin.trinityisd.tx,67223
Trinity Klein Lutheran School,93081,admin.lutheranschool.tx,93082
Triplains Unif School Dist 275,78148,admin.triplains.ks,78149
Tri-Rivers Joint Voc Sch Dist,80153,admin.trcc.oh,
Troup Co School District,74836,admin.troup.ga,74837
Troup Ind School District,50329,admin.troup.tx,50330
Trout Creek School district #9,86061,admin.troutcreek9.mt,86062
Troy Area School District,7206,admin.troy.pa,7207
Troy Ind School District,61472,admin.troy.tx,61473
Troy School District 1,65258,admin.tsd.mt,65259
Troy School District 287,83041,admin.troy.id,83042
Troy Unified School Dist 429,79247,admin.troy.ks,79248
Trumann School District,91285,admin.trumann.ar,91286
Truth Or Consequences Mun Sd,80387,admin.tocms.nm,80388
Tucumcari Public Schools,80900,admin.tucumcari.nm,80901
Tularosa School District 4,80569,admin.tularosa.nm,80570
Tulia Ind School District,39889,admin.tulia.tx,39890
Tuloso Midway Ind School Dist,41159,admin.tuloso.tx,41160
Tulsa Independent Sch Dist,75595,admin.tulsa.ok,75596
Tunica Co School District,65344,admin.tunica.ms,65345
Tupelo Public School District,100056,admin.tupelo.ms,100057
Tupelo Public Schools,102319,admin.tupelo.ok,102320
Turkey-Quitaque Cons Ind Sd,66273,admin.turkeyquitaque.tx,66274
Turlock Unified Sch District,82399,admin.turlock.ca,82400
Turner County School District,89611,admin.turner.ga,89612
Turner Unified Sch Dist 202,81654,admin.turner.ks,81655
Tustin Unified School District,91196,admin.tustin.ca,91197
Tutoring Club,75368,admin.tutoringclub.oh,75369
Tuttle Public Schools,91622,admin.tuttle.ok,91623
Twenty First Century District,94123,admin.tfc.nm,
Twenty First Century District,94124,admin.tfcentury.nm,94125
Twiggs County School District,96999,admin.twiggs.ga,97000
Twin Buttes School District,11206,admin.twinbuttes.nd,11207
Twin Falls School District 411,81352,admin.twinfalls.id,81353
Twin Lakes School Corporation,24745,admin.twinlakes.in,24746
TwinRivers Unified School District,6285,admin.twinrivers.ca,6286
Twin Valley Unified Sd 240,78759,admin.twinvalley.ks,78760
Two Rivers School District,83701,admin.tworivers.ar,83702
Two Rivers Supervisory Union,99322,admin.trsu.vt,99323
Tyler ISD,4594,admin.tyler.tx,4702
Tyrrell County Schools,89091,admin.tyrrell.nc,89092
Udall Unified School Dist 463,81333,admin.udall.ks,81334
Uinta Co School District 1,79387,admin.uinta.wy,79388
Uintah School District,83993,admin.uintah.ut,83994
Ukiah Unified School District,91332,admin.ukiah.ca,91333
Ulysses Unified Sch Dist 214,77819,admin.ulysses.ks,77820
Ume Preparatory Academy,83419,admin.umeprep.tx,83420
Unified School District 232,78634,admin.usd232.ks,78635
Union Co School District,65853,admin.union.tn,65854
Union County Public Schools,85103,admin.unioncounty.nc,85104
Union County School District,100063,admin.unioncounty.ms,100064
Union Grove Elem Sch District,74956,admin.uniongrove.wi,74957
Union Grove Ind School Dist,40411,admin.uniongrove.tx,40412
Union Hill Ind School District,52711,admin.unionhillisd.tx,52712
Union Preparatory Academy at Indian Trail,89788,admin.unionprep.nc,89789
Union Public School District,100997,admin.unionpublic.ms,100998
Union Pub School District I-9,84479,admin.union.ok,84480
Uniontown Area School District,6385,admin.uniontown.pa,6386
Uniontown Unified Sd 235,79705,admin.usd235.ks,79706
Union Twp School District,68569,admin.twpunionschools.nj,68570
United Independent School District,41943,admin.united.tx,41944
Universal Academy Charter Schools,66658,admin.universal.tx,66659
University Of Texas University Charter School,51389,admin.utcs.tx,51390
University Place Sch Dist 83,77429,admin.universityplace.wa,77430
University Preparation School at Csu Channel Islan,91661,admin.upsacci.ca,91662
Upland Unified School District,97598,admin.upland.ca,97580
Uplift Education,58756,admin.uplift.tx,58757
Uplift Michigan Academy,98660,admin.upliftmichiganacademy.mi,98661
Urbana City Schools,13045,admin.urbana.oh,13046
Urbana School District 116,90331,admin.urbana.il,90332
Usd 505 Chetopa-St Paul,79185,admin.usd505.ks,79186
US Virgin Islands DOE,79933,admin.vide.vi,79934
Utah Department Of Education,65888,admin.pfa.ut,
Utah Department Of Education,79786,admin.sa.ut,79787
Utica Cmty School District,61877,admin.utica.mi,61878
Utopia Ind School District,61936,admin.utopia.tx,61937
Ut Tyler Innovation Academy,56676,admin.innovationacademy.tx,56677
Uvalde CISD,56018,admin.uvaldecisd.tx,56019
Uvalde Cons Ind School Dist,68853,admin.batesville.tx,
Vacaville Unif School District,79771,admin.vacaville.ca,79772
Valdosta City School District,92503,admin.valdosta.ga,92504
Valentine Isd,47435,admin.valentine.tx,47436
Valley Center Public Schools,6755,admin.valleycenter.ks,6756
Valley Falls Usd 338,77989,admin.valleyfalls.ks,77990
Valley Heights Usd 498,79322,admin.valleyheights.ks,79323
Valley Mills Ind Sch District,55929,admin.valleymills.tx,55930
Valley School District,85212,admin.valley.id,85213
Valley Springs Sch District,83627,admin.valleysprings.ar,83628
Valley View Isd,15150,admin.valleyview.tx,15151
Valley View Isd-Cooke Co,45729,admin.valleyviewcooke.tx,45730
Valley View School District,91122,admin.valleyview.ar,91123
Vallivue School District 139,77670,admin.vallivue.id,77671
Val Verde Unified School,30850,admin.valverde.ca,30851
Van Alstyne Ind School Dist,44289,admin.vanalstyne.tx,44290
Van Buren School District 42,83649,admin.vanburen.ar,83650
Vance County Schools,89096,admin.vance.nc,89097
Vancouver School District 37,83920,admin.vancouver.wa,83921
Vanguard Academy,55051,admin.vanguardacademy.tx,55069
Vanguard Academy (District),98906,admin.vanguard.tx,98907
Van Ind School District,60776,admin.van.tx,60777
Van Vleck Ind School District,55893,admin.vanvleck.tx,55894
Vaughn Municipal Schools,49329,admin.vaughn.nm,49330
Vega Ind School District,61883,admin.vega.tx,61884
Velma-Alma Public Schools,98058,admin.velmaalma.ok,98039
Venus Independent School District,31907,admin.venus.tx,31908
Veribest Ind Sch District,63949,admin.veribest.tx,63950
Vermillion Unified Sd 380,79682,admin.vermillion.ks,79683
Vermont Dept Of Education,29907,admin.vtprivate.vt,
Vernon Ind School District,44469,admin.vernon.tx,44470
Vernon Parish School District,26952,admin.vernonparish.la,26953
Verona School District R7,26867,admin.verona.mo,26868
Vicksburg-Warren School District,100096,admin.vwsd.ms,100097
Victor Esd,9529,admin.victor.ca,9530
Victoria Isd,3362,admin.victoria.tx,4703
Victor K-12 Schools,93922,admin.victor.mt,93923
Vidor Ind School District,44349,admin.vidor.tx,44350
Village Academy,29053,admin.charter.dc,
Viola School District,83789,admin.viola.ar,83790
Virginia Beach City Public Schools,23505,admin.virginiabeach.va,23506
Virginia Cmty Unit Sch Dist 64,74900,admin.virginia64.il,74901
Virtual Prep Academy of Idaho at D91,98890,admin.academyd91.id,98891
Voices Charter Schools,86553,admin.voices.ca,86554
Volusia County School District,2370,admin.volusia.fl,4704
Vysehrad Ind School District,41546,admin.vysehrad.tx,41547
Wabash City School District,79362,admin.wabash.in,79363
Wabaunsee School Dist 329,83943,admin.wabaunsee.ks,83944
Waco Isd,10225,admin.waco.tx,10226
Waconda Unif School Dist 272,78531,admin.waconda.ks,78532
Waelder Ind School District,54772,admin.waelder.tx,54773
Wagoner Public Schools,96645,admin.wagonerps.ok,96646
Wagon Mound School Dist 12,80895,admin.wmsd.nm,80896
Wake County Public School System,12305,admin.wcpss.nc,12306
Wakulla Co School District,74406,admin.wakulla.fl,74407
Walcott Ind School District,56885,admin.walcott.tx,56886
Waldron School District,83672,admin.waldron.ar,83673
Walker Co School District,61338,admin.walker.ga,61339
Walker-Hackensak-Akeley 113,58657,admin.wha113.mn,58658
Wallace Co Unif Sch Dist 241,80166,admin.wallace.ks,80167
Wallace School District,85467,admin.wallace.id,85468
Walla Walla School Dist 140,79221,admin.wallawalla.wa,79222
Waller Isd,17105,admin.waller.tx,17106
Wall Ind School District,39389,admin.wall.tx,39390
Walnut Bend Ind School Dist,74171,admin.walnutbend.tx,74172
Walnut Springs Ind Sch Dist,57496,admin.walnutsprings.tx,57497
Walters Public Schools,96358,admin.walters.ok,96359
Walthall County School District,100291,admin.walthall.ms,100292
Wamego Unif School Dist 320,79896,admin.wamego.ks,79897
Ware Co School District,82335,admin.ware.ga,82336
Ware Shoals School District 51,67122,admin.wareshoals.sc,67123
Warren Co School District,77689,admin.warren.ga,77690
Warren Co School District,83257,admin.warren.tn,83258
Warren County Public Schools,19225,admin.warren.va,19226
Warren County School Dist,26607,admin.warren.ky,26608
Warren County Schools,88016,admin.warrencounty.nc,88017
Warren Isd,28368,admin.warren.tx,28369
Warrensburg Central School District,95248,admin.warrensburg.ny,95249
Warren Township Metropolitan School District,93488,admin.warrentownship.in,93489
Warsaw Community Schools,12385,admin.warsaw.in,12386
Wasatch Co School District,83273,admin.wasatch.ut,83274
Waseca Public School Dist,79653,admin.waseca.mn,79654
Washburn School District 4,61820,admin.washburn.nd,61821
Washington Co School District,68991,admin.washington.ga,68992
Washington Co Unif Sd 108,78590,admin.washington.ks,78591
Washington County Public School District,26348,admin.washington.va,26349
Washington County Schools,89415,admin.washington.nc,89416
Washington Unified School District (West Sacrament,91389,admin.washington.ca,91390
Waskom Isd,20985,admin.waskom.tx,20986
Watauga County Schools,88658,admin.watauga.nc,88659
Waterloo Cmty School District,84111,admin.waterloo.ia,84112
Water Valley Elementary School,45387,admin.watervalley.tx,45388
Water Valley School District,86563,admin.watervalley.ms,86564
Watson Chapel School District,91758,admin.watsonchapel.ar,91759
Waxahachie Ind School District,52469,admin.waxahachie.tx,52470
Wayne Co School District,76337,admin.wayne.ga,76338
Wayne County Public Schools,88640,admin.wayne.nc,88641
Wayne County School District,100209,admin.wayne.ms,100210
Wayside Schools,67484,admin.wayside.tx,67485
Weatherford Ind School Dist,53389,admin.weatherford.tx,53390
Weatherford Public Schools,97944,admin.weatherford.ok,97945
Webb Cons Ind School District,60456,admin.wcisd.tx,60457
Webster Co School District,78081,admin.webster.ga,78082
Webster County School District,100069,admin.webstercounty.ms,100070
Webster School District,80093,admin.webster.wi,80094
Weimar Ind School District,49253,admin.weimar.tx,49254
Weiser School District 431,76318,admin.weiser.id,76319
Weld Co Sd Re-1 Gilcrest,79538,admin.weldgilcrest.co,79539
Weld Co Sd Re-3j Keenesburg,79336,admin.weld.co,79337
Weld County Reorganized School District No. Re-8,88617,admin.weld8.co,88618
Weldon City Schools,89457,admin.weldon.nc,89458
Weldon Valley School District No. Re-20,85839,admin.weldonvalley.co,85840
Wellington Isd,24005,admin.wellington.tx,24006
Wellington Unif Sch Dist 353,78959,admin.wellington.ks,78960
Wellman Union Ind Sch District,73890,admin.wellmanunion.tx,73891
Wells Ind School District,44589,admin.wells.tx,44590
Wellsville Unif Sch Dist 289,80244,admin.wellsville.ks,80245
Wenatchee School District,86851,admin.wenatchee.wa,86852
Wendell School District 232,83090,admin.wendell.id,83091
Weskan Unif School Dist 242,78910,admin.weskan.ks,78911
Weslaco Ind School District,41945,admin.weslaco.tx,41946
West Ada School Dist,69653,admin.westada.id,69654
West Baton Rouge Parish School Board,86065,admin.westbatonrouge.la,86066
West Bolivar Consolidated School District,100073,admin.westbolivar.ms,100074
West Bonner County District,85266,admin.westbonner.id,85267
Westbrook Ind School District,66165,admin.westbrook.tx,66166
West Central School Corporation,89884,admin.wcsc.in,89885
West Clark Cmty School Dist,33167,admin.wclark.in,33168
West Contra Costa Unified School District,89734,admin.wccusd.ca,89735
West Covina Unified School District,88971,admin.wcusd.ca,88972
West Des Moines Cmty Sch Dist,61085,admin.wdmcs.ia,61086
Western Gateway Elementary School (District),99858,admin.westerngateway.ok,99859
Western Heights Public Schools,97020,admin.westernheights.ok,97021
Western Line School District,100087,admin.westernline.ms,100088
Western Placer Unified School District,93729,admin.wpusd.ca,93730
Western Plains Usd 106,78754,admin.westernplains.ks,78755
Westfield Public Schools,86857,admin.westfield.ma,86858
West Franklin Unified Sd 287,77782,admin.westfranklin.ks,77783
West Grand School Dist 1-Jt,65915,admin.westgrand.co,65916
West Hardin Co Cons Sch Dist,56196,admin.whccsd.tx,56197
West Harrison Elementary,86152,admin.westharrison.ia,86153
West Harvey-Dixmoor School District 147,90438,admin.whd147.il,90439
Westhoff Ind School District,77068,admin.westhoff.tx,77069
West Ind School District,43891,admin.west.tx,43892
West Jasper Consolidated Schools,100077,admin.westjasper.ms,100078
West Jasper ELC,102512,admin.westjasperelc.ms,102513
West Jefferson District,85544,admin.westjefferson.id,85545
West Jefferson District,85547,admin.wjsd.id,85548
Westlake Academy,89941,admin.westlake.tx,89942
West Las Vegas School District,80941,admin.wlvsd.nm,80942
Westminster Elementary School District,90106,admin.wesd.ca,90107
Westminster Public Schools,81516,admin.westminster.co,81517
Westmoreland County Public Schools,19120,admin.westmoreland.va,19121
West New York Board of Education,96604,admin.wnyschools.nj,96625
West Noble School Corporation,93925,admin.westnoble.in,93926
West Orange Cove Cons Isd,27209,admin.woccisd.tx,27287
West Oso Ind School District,64237,admin.westoso.tx,64238
Westphalia Ind School District,63938,admin.westphalia.tx,63939
West Point Consolidated School District,100080,admin.westpoint.ms,100081
West Point ELC,102514,admin.westpointelc.ms,102515
West Ridge Academy Charter,98918,admin.westridgeac.co,98919
West Rusk Co Cons Ind Sch Dist,49109,admin.westruskcocisd.tx,49110
West Sabine Ind Sch Dist,56376,admin.westsabineisd.tx,56377
West Side School District 202,74819,admin.wssd.id,74820
West Tallahatchie School District,100084,admin.westtallahatchie.ms,100085
Westville Public Schools,93691,admin.westville.ok,93692
West Washington County CUSD 10,98003,admin.westwashingtoncounty.il,98004
Westwood Ind School District,50350,admin.westwood.tx,50351
Wetumka Public Schools,90365,admin.wetumka.ok,90366
Wewoka Public Schools,90628,admin.wewoka.ok,90629
Wharton Isd,13889,admin.wharton.tx,13890
Wheaton School District R3,35087,admin.wheaton.mo,35088
Wheeler Ind School District,73642,admin.wheeler.tx,73643
White Co School District,78895,admin.white.ga,78896
White Co School District,79253,admin.white.tn,79254
White Deer Isd,35867,admin.whitedeerisd.tx,35868
Whiteface Con Ind School Dist,66276,admin.whiteface.tx,66277
Whitehall School Dist 4-47-2,82965,admin.whitehall.mt,82966
Whitehouse Ind School District,41155,admin.whitehouse.tx,41156
White Oak Ind School District,75680,admin.whiteoak.tx,75681
White Pine Charter School Inc,92255,admin.whitepine.id,92256
Whitepine Jt School District,85330,admin.whitepinejt.id,85331
Whitesboro Isd,22785,admin.whitesboro.tx,22786
White Settlement Ind Sch Dist,46830,admin.whitesettlement.tx,46831
Whiteville City Schools,88821,admin.whiteville.nc,88822
Whitewright Ind School Dist,39429,admin.whitewright.tx,39430
Whitfield Co School District,81613,admin.whitfield.ga,81614
Whitharral Ind School District,64957,admin.whitharral.tx,64958
Whiting Community School District,91703,admin.whiting.ia,91704
Whitney Ind School District,42512,admin.whitney.tx,42513
Whittier City Elementary School District,90647,admin.whittiercity.ca,90648
Wichita Falls Independent School District,14015,admin.wfisd.tx,
Wichita Falls Independent School District,14027,admin.wichitafalls.tx,14028
Wichita Unified Sch Dist 259,81589,admin.wichita.ks,81590
Wilder School District 133,75665,admin.wilder.id,75666
Wildorado Ind Sch Dist,66182,admin.wildorado.tx,66183
Wilkes County School District,96105,admin.wilkes.ga,96106
Wilkes County Schools,87690,admin.wilkescounty.nc,87691
Wilkinson County School District,100126,admin.wilkinson.ms,100127
Williams Academy,96845,admin.williamsacademy.nc,96846
Williamsburg City School,26610,admin.williamsburg.ky,26611
Williamsburg Independent Schools,98910,admin.wburg.ky,98911
Williamsburg-James City Co Sd,69453,admin.wjcc.va,69454
Willis Isd,13927,admin.willis.tx,13928
Williston School District 29,67049,admin.williston29.sc,67050
Wills Point Ind School Dist,48069,admin.willspoint.tx,48070
Wilson Co School District,65550,admin.wcsd.tn,
Wilson Co School District,65568,admin.wilson.tn,65569
Wilson Co School District,74039,admin.wilson.nc,74060
Wilson Education Center Corporation,94170,admin.wilsonecc.in,94171
Wilson Elementary District,91125,admin.wilson.az,91126
Wilson Ind School District,49640,admin.wilson.tx,49641
Wimberley Isd,22265,admin.wimberley.tx,22266
Windham Public Schools,75662,admin.windham.ct,75663
Windsor Southeast Supervisory Union,98768,admin.wsesu.vt,98769
Windsor Unified School District,90635,admin.windsor.ca,90636
Windthorst Isd,19970,admin.windthorst.tx,19971
Windward Oahu School District,84359,admin.windwardoahu.hi,84360
Winfield City School District,75592,admin.winfield.al,75593
Winfield Isd,20045,admin.winfield.tx,20046
Winfield Unified Sch Dist 465,78408,admin.winfield.ks,78409
Wink Loving Ind School Dist,71622,admin.winkloving.tx,71623
Winnsboro Isd,31787,admin.winnsboro.tx,31788
Winona Area Ind Sch Dist 861,79299,admin.winona.mn,79300
Winona Ind School District,40369,admin.winona.tx,40370
Winona-Montgomery Consolidated School District,100092,admin.winona-montgomery.ms,100093
Winslow Twp School District,79263,admin.winslowtwp.nj,79264
Winston-Salem Forsyth County School District,31808,admin.wsfcs.nc,31809
Winters Ind School District,51069,admin.winters.tx,51070
Winters Joint Unified School District,97040,admin.winters.ca,97041
Wise County Public Schools,24125,admin.wise.va,24126
Wister Public Schools,97109,admin.wister.ok,97110
Woden Ind School District,59396,admin.woden.tx,59397
Wolfe City Ind School District,47355,admin.wolfecity.tx,47356
Wolf Point Schools,33927,admin.wolfpoint.mt,33928
Wonderview School District,83624,admin.wonderview.ar,83625
Woodland Community Consolidated School District 50,91549,admin.woodland.il,91550
Woodland Joint Unified School District,26508,admin.woodland.ca,26509
Woodsboro Ind School District,46009,admin.woodsboro.tx,46010
Woodson Ind School District,58456,admin.woodson.tx,58457
Woodson School District 366,79198,admin.woodson.ks,79199
Woodstock Cmty Unit Sd 200,82626,admin.woodstock.il,82627
Woodville Ind School District,56956,admin.woodville.tx,56957
Woodward Ind School District,82329,admin.woodward.ok,82330
Wortham Ind School District,55891,admin.wortham.tx,55892
Worth County School District,70213,admin.worth.ga,70214
Wright City R-II School District,99006,admin.wrightcity.mo,99007
Wylie Ind School District,42274,admin.wylieabilene.tx,42275
Wylie Isd,17285,admin.wylie.tx,17286
Wyola School District 29,56037,admin.wyola.mt,56038
Wythe County Public Schools,24235,admin.wythe.va,24236
Xavier Charter School Inc,92257,admin.xavier.id,92258
Yaak Elementary District,94108,admin.yaak.mt,94109
Yadkin County Schools,88411,admin.yadkin.nc,88412
Yakima School District,92380,admin.yakima.wa,92381
Yancey County Schools,87857,admin.yanceycounty.nc,87858
Yantis Ind School District,52689,admin.yantis.tx,52690
Yazoo City ELC,102516,admin.yazooelc.ms,102517
Yazoo City Municipal School District,100970,admin.msachievement.ms,100971
Yazoo County School District,91880,admin.yazoo.ms,91881
Yellville-Summit School District,85805,admin.yellville.ar,85806
Yes Prep Public Schools,74907,admin.yesprep.tx,74908
Yoakum Ind School District,44669,admin.yoakum.tx,44670
York City School District,62278,admin.york.pa,62279
York School District 01,92023,admin.york.sc,92024
Yorktown Ind School District,39145,admin.yorktown.tx,39146
Youngstown City School Dist,83431,admin.youngstown.oh,83432
Youngstown Community School,100707,admin.ytcharter.oh,100708
Ysleta Isd,28869,admin.ysleta.tx,28870
Yucaipa-Calimesa Joint Usd,75411,admin.ycjusd.ca,75412
Yukon Flats School District,89963,admin.yukon.ak,89964
Yukon School District I-27,82283,admin.yukon.ok,82284
Yuma School District-1,26578,admin.yuma.co,26579
Zak Post Demo,100597,admin.zakpostdemo.tx,100598
Zaneis Public School,87287,admin.zaneis.ok,87288
Zapata Co Ind School District,51689,admin.zapata.tx,51690
Zavalla Ind School District,45590,admin.zavalla.tx,45591
Zeeland Public Schools,90287,admin.zeeland.mi,90288
Zephyr Ind School District,59036,admin.zephyr.tx,59037
Zoe Learning Academy,9465,admin.zoe.tx,9466
Zumbrota-Mazeppa Isd 2805,74988,admin.zumbrota.mn,74989
Zuni Public School District 89,80926,admin.zuni.nm,80927
,12905,admin.caprivate.ca,
,35969,admin.coprivate.co,
,61420,admin.,64120
,81230,admin.rockymountainprep.co,81231
,81234,admin.goddard.tx,81235
,82296,admin.dos.il,82297
,83223,admin.flcs.fl,83224
,83342,admin.kippstlouis.mo,83343
,85688,admin.cs.fl,85689
,91237,admin.lanettcity.al,91238
,91459,admin.iconprep.fl,91480
,92245,admin.kickapoo.tx,92246
,103009,admin.richardmckennacs.id,103010
Taos International School,80721,taosinternational.cs.nm,80721
Expressions Learning Arts Academy,97056,expressions.alachua.fl,97056
Denver Language School,81038,dls.denver.co,81038